{
  "2指标组合": {
    "MACD背离+RSI超卖超买": {
      "wr": 0.5195,
      "pf": 0.9821,
      "n": 1359,
      "avg_win": 0.032129,
      "avg_loss": -0.035371
    },
    "MACD背离+布林带反弹": {
      "wr": 0.5297,
      "pf": 1.0923,
      "n": 1227,
      "avg_win": 0.031324,
      "avg_loss": -0.032304
    },
    "RSI超卖超买+布林带反弹": {
      "wr": 0.5384,
      "pf": 0.9026,
      "n": 2225,
      "avg_win": 0.035248,
      "avg_loss": -0.045554
    },
    "EMA趋势顺势+量价配合": {
      "wr": 0.4578,
      "pf": 1.067,
      "n": 1776,
      "avg_win": 0.03673,
      "avg_loss": -0.029061
    },
    "EMA趋势顺势+MACD金叉死叉": {
      "wr": 0.5,
      "pf": 1.1459,
      "n": 564,
      "avg_win": 0.030402,
      "avg_loss": -0.026532
    },
    "EMA趋势顺势+MACD零轴位置": {
      "wr": 0.4967,
      "pf": 1.099,
      "n": 453,
      "avg_win": 0.030898,
      "avg_loss": -0.027746
    },
    "量价配合+MACD金叉死叉": {
      "wr": 0.4843,
      "pf": 1.0234,
      "n": 3209,
      "avg_win": 0.032524,
      "avg_loss": -0.029842
    },
    "量价配合+MACD零轴位置": {
      "wr": 0.4588,
      "pf": 0.9265,
      "n": 1992,
      "avg_win": 0.030078,
      "avg_loss": -0.027524
    },
    "MACD金叉死叉+MACD零轴位置": {
      "wr": 0.497,
      "pf": 1.0678,
      "n": 829,
      "avg_win": 0.027809,
      "avg_loss": -0.025731
    },
    "RSI超卖超买+MACD金叉死叉": {
      "wr": 0.3846,
      "pf": 2.4643,
      "n": 13,
      "avg_win": 0.049787,
      "avg_loss": -0.012627
    }
  },
  "3指标组合": {
    "MACD背离+RSI超卖超买+布林带反弹": {
      "wr": 0.523,
      "pf": 1.6101,
      "n": 174,
      "avg_win": 0.042683,
      "avg_loss": -0.029064
    },
    "EMA趋势顺势+MACD金叉死叉+量价配合": {
      "wr": 0.4651,
      "pf": 1.3402,
      "n": 258,
      "avg_win": 0.042107,
      "avg_loss": -0.02732
    }
  },
  "体制+指标组合": {
    "BULL_TREND+MACD背离": {
      "wr": 0.5466,
      "pf": 0.7695,
      "n": 3780
    },
    "BULL_TREND+布林带反弹": {
      "wr": 0.5247,
      "pf": 0.9034,
      "n": 2554
    },
    "BULL_TREND+EMA趋势顺势": {
      "wr": 0.4815,
      "pf": 1.3444,
      "n": 2565
    },
    "BULL_TREND+量价配合": {
      "wr": 0.4549,
      "pf": 0.9737,
      "n": 4707
    },
    "BULL_TREND+MACD金叉死叉": {
      "wr": 0.4907,
      "pf": 0.9486,
      "n": 5270
    },
    "BULL_TREND+MACD零轴位置": {
      "wr": 0.474,
      "pf": 0.9255,
      "n": 1059
    },
    "BEAR_TREND+MACD背离": {
      "wr": 0.5097,
      "pf": 0.9613,
      "n": 5048
    },
    "BEAR_TREND+布林带反弹": {
      "wr": 0.5127,
      "pf": 0.8827,
      "n": 3029
    },
    "BEAR_TREND+EMA趋势顺势": {
      "wr": 0.4935,
      "pf": 0.9277,
      "n": 2825
    },
    "BEAR_TREND+量价配合": {
      "wr": 0.4876,
      "pf": 1.0309,
      "n": 5947
    },
    "BEAR_TREND+MACD金叉死叉": {
      "wr": 0.503,
      "pf": 1.083,
      "n": 6427
    },
    "BEAR_TREND+MACD零轴位置": {
      "wr": 0.5229,
      "pf": 1.1564,
      "n": 1333
    },
    "BULL_PEAK+MACD背离": {
      "wr": 0.5154,
      "pf": 0.9256,
      "n": 1719
    },
    "BULL_PEAK+RSI超卖超买": {
      "wr": 0.5358,
      "pf": 0.8005,
      "n": 2639
    },
    "BULL_PEAK+布林带反弹": {
      "wr": 0.5308,
      "pf": 0.7962,
      "n": 1283
    },
    "BULL_PEAK+EMA趋势顺势": {
      "wr": 0.4476,
      "pf": 1.1559,
      "n": 391
    },
    "BULL_PEAK+量价配合": {
      "wr": 0.4669,
      "pf": 1.393,
      "n": 3521
    },
    "BULL_PEAK+MACD金叉死叉": {
      "wr": 0.486,
      "pf": 1.2058,
      "n": 358
    },
    "BEAR_CRASH+MACD背离": {
      "wr": 0.5366,
      "pf": 1.1579,
      "n": 2117
    },
    "BEAR_CRASH+RSI超卖超买": {
      "wr": 0.5322,
      "pf": 1.0822,
      "n": 3078
    },
    "BEAR_CRASH+布林带反弹": {
      "wr": 0.5486,
      "pf": 1.261,
      "n": 1398
    },
    "BEAR_CRASH+EMA趋势顺势": {
      "wr": 0.4579,
      "pf": 0.8596,
      "n": 297
    },
    "BEAR_CRASH+量价配合": {
      "wr": 0.444,
      "pf": 0.7185,
      "n": 3646
    },
    "BEAR_CRASH+MACD金叉死叉": {
      "wr": 0.4884,
      "pf": 0.9666,
      "n": 430
    },
    "RECOVERY+MACD背离": {
      "wr": 0.5034,
      "pf": 1.0176,
      "n": 3429
    },
    "RECOVERY+RSI超卖超买": {
      "wr": 0.5444,
      "pf": 0.6652,
      "n": 270
    },
    "RECOVERY+布林带反弹": {
      "wr": 0.5184,
      "pf": 0.9795,
      "n": 2361
    },
    "RECOVERY+EMA趋势顺势": {
      "wr": 0.4947,
      "pf": 1.0392,
      "n": 376
    },
    "RECOVERY+量价配合": {
      "wr": 0.4607,
      "pf": 0.9408,
      "n": 3781
    },
    "RECOVERY+MACD金叉死叉": {
      "wr": 0.4894,
      "pf": 1.0106,
      "n": 2836
    },
    "RECOVERY+MACD零轴位置": {
      "wr": 0.4927,
      "pf": 1.0884,
      "n": 2675
    },
    "CHOP+MACD背离": {
      "wr": 0.5553,
      "pf": 1.6285,
      "n": 398
    },
    "CHOP+EMA趋势顺势": {
      "wr": 0.5522,
      "pf": 1.6208,
      "n": 134
    },
    "CHOP+量价配合": {
      "wr": 0.4873,
      "pf": 0.9646,
      "n": 708
    },
    "CHOP+MACD金叉死叉": {
      "wr": 0.5052,
      "pf": 0.8895,
      "n": 2195
    },
    "CHOP+MACD零轴位置": {
      "wr": 0.5096,
      "pf": 1.1301,
      "n": 363
    },
    "BEAR_CRASH+MACD零轴位置": {
      "wr": 0.4167,
      "pf": 0.7522,
      "n": 24
    },
    "BULL_PEAK+MACD零轴位置": {
      "wr": 0.3488,
      "pf": 0.6466,
      "n": 43
    }
  },
  "高质量组合_WR65_PF1.5_N100": {}
}