{
  "timestamp": "20260621_034608",
  "mode": "full",
  "gates": {
    "0": {
      "passed": true
    },
    "1": {
      "passed": true,
      "results": {
        "BTCUSDT": {
          "wr": 0.6475,
          "pf": 2.2872500000000002,
          "oos_pass": 11,
          "oos_total": 12,
          "within_tolerance": true,
          "wr_diff": 0.009500000000000064
        },
        "ETHUSDT": {
          "wr": 0.6796666666666668,
          "pf": 2.6577500000000005,
          "oos_pass": 12,
          "oos_total": 12,
          "within_tolerance": true,
          "wr_diff": 0.0043333333333333
        }
      }
    },
    "2": {
      "passed": false,
      "groups": {
        "A_all_short": {
          "n": 2304,
          "wr": 53.515625
        },
        "A_all_long": {
          "n": 2304,
          "wr": 55.729166666666664
        },
        "B_s23_pos_short": {
          "n": 866,
          "wr": 50.57736720554272
        },
        "B_s23_pos_long": {
          "n": 943,
          "wr": 51.961823966065744
        },
        "C_s23_neg_short": {
          "n": 943,
          "wr": 56.733828207847296
        }
      },
      "marginal_wr_s23": -2.9382577944572787,
      "marginal_wr_filter": -6.1564610023045745,
      "sample_level": "🔶n<1000"
    },
    "3": {
      "passed": null,
      "reason": "insufficient_samples"
    },
    "4": {
      "passed": false,
      "s23_injected": true,
      "live_wr": null,
      "live_n": 0,
      "bridge_ok": true,
      "sim_replay_ok": true,
      "gen_matrix_ok": true
    }
  }
}