{
  "tag": "20260628_114517",
  "description": "CHoCH精准触发对照实验",
  "approved_by": "苏摩 2026-06-28 11:42 UTC",
  "results": {
    "BTCUSDT_BEAR_TREND": {
      "sym": "BTCUSDT",
      "A": {
        "wr": 0.7234848484848485,
        "rr": 0.7211883969079836,
        "ev": 0.26611250000000036,
        "n": 792
      },
      "B": {
        "wr": 0.45703125,
        "rr": -1.995871352965716,
        "ev": -1.6618058293798312,
        "n": 256
      },
      "choch_rate": 0.6098484848484849
    },
    "BTCUSDT_BULL_TREND": {
      "sym": "BTCUSDT",
      "A": {
        "wr": 0.7053009883198562,
        "rr": 0.7605461652060291,
        "ev": 0.18039739442947006,
        "n": 1113
      },
      "B": {
        "wr": 0.38108882521489973,
        "rr": 1.881962526484569,
        "ev": 0.0921033337181093,
        "n": 349
      },
      "choch_rate": 0.6163522012578616
    },
    "ETHUSDT_BEAR_TREND": {
      "sym": "ETHUSDT",
      "A": {
        "wr": 0.7369062119366626,
        "rr": 0.730849548093536,
        "ev": 0.35240073081607803,
        "n": 821
      },
      "B": {
        "wr": 0.4586206896551724,
        "rr": -1.9432814210824148,
        "ev": -1.8122214890209194,
        "n": 290
      },
      "choch_rate": 0.5785627283800243
    },
    "ETHUSDT_BULL_TREND": {
      "sym": "ETHUSDT",
      "A": {
        "wr": 0.7020648967551623,
        "rr": 0.8749168927107165,
        "ev": 0.3199881022615536,
        "n": 1017
      },
      "B": {
        "wr": 0.4171974522292994,
        "rr": 1.8175554753499836,
        "ev": 0.21406743325225985,
        "n": 314
      },
      "choch_rate": 0.5742379547689282
    }
  }
}