{
  "tag": "20260531_055736",
  "n_iter": 1000,
  "symbols": {
    "btcusdt": {
      "sym": "BTCUSDT",
      "is_best": {
        "thr": 145,
        "sl": 1.5,
        "hold": 12,
        "rr": 3.0,
        "pf": 1.4041993085834346
      },
      "oos_base": {
        "trades": 50,
        "wins": 13,
        "wr": 0.26,
        "pf": 0.9315766516764628,
        "pnl": -0.026612111635378
      },
      "oos_mc_n": 100,
      "oos_pf_mean": 0.40883566072728494,
      "oos_pf_p10": 0.214195448806759,
      "oos_wr_mean": 0.15072837912450243,
      "status": "ok"
    },
    "ethusdt": {
      "sym": "ETHUSDT",
      "is_best": {
        "thr": 135,
        "sl": 1.2,
        "hold": 12,
        "rr": 3.0,
        "pf": 1.5880429394648141
      },
      "oos_base": {
        "trades": 71,
        "wins": 19,
        "wr": 0.2676056338028169,
        "pf": 1.1000028043411585,
        "pnl": 0.0669844028686772
      },
      "oos_mc_n": 100,
      "oos_pf_mean": 0.6507037339510765,
      "oos_pf_p10": 0.4799017886087904,
      "oos_wr_mean": 0.2189424342264545,
      "status": "ok"
    },
    "solusdt": {
      "sym": "SOLUSDT",
      "is_best": {
        "thr": 140,
        "sl": 1.2,
        "hold": 16,
        "rr": 2.5,
        "pf": 1.8076168563403803
      },
      "oos_base": {
        "trades": 70,
        "wins": 18,
        "wr": 0.2571428571428571,
        "pf": 0.7506323507983127,
        "pnl": -0.21957061430676764
      },
      "oos_mc_n": 100,
      "oos_pf_mean": 0.660735672921085,
      "oos_pf_p10": 0.5002573737119288,
      "oos_wr_mean": 0.2438108674495066,
      "status": "ok"
    },
    "dogeusdt": {
      "sym": "DOGEUSDT",
      "is_best": {
        "thr": 130,
        "sl": 1.5,
        "hold": 16,
        "rr": 4.0,
        "pf": 1.0074295972380996
      },
      "oos_base": {
        "trades": 63,
        "wins": 10,
        "wr": 0.15873015873015872,
        "pf": 0.6340795703145223,
        "pnl": -0.5090980264888251
      },
      "oos_mc_n": 100,
      "oos_pf_mean": 0.246409112378724,
      "oos_pf_p10": 0.1718145733743152,
      "oos_wr_mean": 0.08867328118682043,
      "status": "ok"
    },
    "ltcusdt": {
      "sym": "LTCUSDT",
      "is_best": {
        "thr": 130,
        "sl": 2.0,
        "hold": 12,
        "rr": 3.0,
        "pf": 0.5447134132345935
      },
      "oos_base": {
        "trades": 57,
        "wins": 8,
        "wr": 0.14035087719298245,
        "pf": 0.661687626557966,
        "pnl": -0.3798822138948706
      },
      "oos_mc_n": 100,
      "oos_pf_mean": 0.7369321845636423,
      "oos_pf_p10": 0.3761530752061891,
      "oos_wr_mean": 0.1381148602859129,
      "status": "ok"
    },
    "bnbusdt": {
      "sym": "BNBUSDT",
      "is_best": {
        "thr": 135,
        "sl": 1.5,
        "hold": 12,
        "rr": 2.5,
        "pf": 1.2782636202401891
      },
      "oos_base": {
        "trades": 51,
        "wins": 19,
        "wr": 0.37254901960784315,
        "pf": 1.211780764319727,
        "pnl": 0.09141482602293231
      },
      "oos_mc_n": 100,
      "oos_pf_mean": 0.7792309176074972,
      "oos_pf_p10": 0.6332252133112197,
      "oos_wr_mean": 0.23565308365312568,
      "status": "ok"
    }
  },
  "summary": {
    "n_symbols": 6,
    "avg_oos_pf": 0.580474547024885,
    "avg_oos_wr": 0.17932048432105377,
    "elapsed_s": 225.9,
    "timestamp": "20260531_055736",
    "system": "brahma_v6.1"
  }
}