{
  "scan_time": "2026-07-09T11:15:00.533220",
  "elapsed_sec": 8.1,
  "total_scanned": 42,
  "alerts": [],
  "new_alerts": [],
  "need_push": false,
  "scan_ts": 1783595700.5332346
}