{
  "scan_time": "2026-07-05T11:02:05.216375",
  "elapsed_sec": 7.3,
  "total_scanned": 39,
  "alerts": [],
  "new_alerts": [],
  "need_push": false,
  "scan_ts": 1783249325.2163966
}