{
  "scan_time": "2026-07-10T08:46:31.103440",
  "elapsed_sec": 8.0,
  "total_scanned": 43,
  "alerts": [],
  "new_alerts": [],
  "need_push": false,
  "scan_ts": 1783673191.1034555
}