{
  "scan_time": "2026-07-04T08:58:46.061486",
  "elapsed_sec": 22.8,
  "total_scanned": 93,
  "alerts": [],
  "new_alerts": [],
  "need_push": false,
  "scan_ts": 1783155526.061519
}