{
  "scan_time": "2026-07-04T07:58:32.914063",
  "elapsed_sec": 16.6,
  "total_scanned": 92,
  "alerts": [],
  "new_alerts": [],
  "need_push": false,
  "scan_ts": 1783151912.9140792
}