{
  "scan_time": "2026-07-05T14:27:56.116916",
  "elapsed_sec": 7.7,
  "total_scanned": 42,
  "alerts": [],
  "new_alerts": [],
  "need_push": false,
  "scan_ts": 1783261676.1169434
}