{
  "scan_time": "2026-07-05T09:02:56.427298",
  "elapsed_sec": 7.0,
  "total_scanned": 37,
  "alerts": [],
  "new_alerts": [],
  "need_push": false,
  "scan_ts": 1783242176.427315
}