{
  "scan_time": "2026-07-09T03:58:24.747265",
  "elapsed_sec": 7.8,
  "total_scanned": 42,
  "alerts": [],
  "new_alerts": [],
  "need_push": false,
  "scan_ts": 1783569504.7472785
}