{
  "scan_time": "2026-07-08T08:02:50.801728",
  "elapsed_sec": 12.1,
  "total_scanned": 47,
  "alerts": [],
  "new_alerts": [],
  "need_push": false,
  "scan_ts": 1783497770.8017447
}