{
  "scan_time": "2026-07-05T12:02:04.683992",
  "elapsed_sec": 7.7,
  "total_scanned": 41,
  "alerts": [],
  "new_alerts": [],
  "need_push": false,
  "scan_ts": 1783252924.6840103
}