{
  "scan_time": "2026-07-05T11:20:44.225533",
  "elapsed_sec": 7.4,
  "total_scanned": 39,
  "alerts": [],
  "new_alerts": [],
  "need_push": false,
  "scan_ts": 1783250444.2255476
}