{
  "scan_time": "2026-07-09T11:29:59.771255",
  "elapsed_sec": 7.9,
  "total_scanned": 43,
  "alerts": [],
  "new_alerts": [],
  "need_push": false,
  "scan_ts": 1783596599.7712696
}