{
  "scan_time": "2026-07-08T22:57:14.434072",
  "elapsed_sec": 9.4,
  "total_scanned": 46,
  "alerts": [],
  "new_alerts": [],
  "need_push": false,
  "scan_ts": 1783551434.4340863
}