{
  "scan_time": "2026-07-08T22:28:31.807337",
  "elapsed_sec": 8.7,
  "total_scanned": 46,
  "alerts": [],
  "new_alerts": [],
  "need_push": false,
  "scan_ts": 1783549711.8073533
}