{
  "scan_time": "2026-07-09T08:14:54.548508",
  "elapsed_sec": 7.9,
  "total_scanned": 42,
  "alerts": [],
  "new_alerts": [],
  "need_push": false,
  "scan_ts": 1783584894.5485234
}