{
  "scan_time": "2026-07-08T09:08:24.995199",
  "elapsed_sec": 9.6,
  "total_scanned": 51,
  "alerts": [],
  "new_alerts": [],
  "need_push": false,
  "scan_ts": 1783501704.9952147
}