{
  "scan_time": "2026-07-09T07:45:01.180759",
  "elapsed_sec": 12.2,
  "total_scanned": 44,
  "alerts": [],
  "new_alerts": [],
  "need_push": false,
  "scan_ts": 1783583101.1807745
}