{
  "scan_time": "2026-07-07T11:41:19.393003",
  "elapsed_sec": 11.2,
  "total_scanned": 49,
  "alerts": [],
  "new_alerts": [],
  "need_push": false,
  "scan_ts": 1783424479.393023
}