{"sym": "BTCUSDT", "nav": 6929863439.18, "ret": 69298534.39177418, "max_dd": 56.12103236036764, "n": 4938, "wr": 56.055083029566624, "fee": 934279407.0419391, "by_layer": {"15m": {"n": 963, "w": 531, "pnl": 75900157.86136767}, "1h": {"n": 384, "w": 162, "pnl": -348994998.4573895}, "4h": {"n": 215, "w": 55, "pnl": -1647345722.5183997}}, "by_regime": {"CHOP_MID_LONG": {"n": 719, "w": 202, "pnl": -2653227765.8884373}, "CHOP_MID_SHORT": {"n": 394, "w": 179, "pnl": -544361175.7265116}, "BULL_TREND_LONG": {"n": 173, "w": 166, "pnl": 135055472.63055626}, "BULL_EARLY_LONG": {"n": 22, "w": 4, "pnl": -271194746.2107357}, "BEAR_TREND_SHORT": {"n": 188, "w": 162, "pnl": 1369375345.3280075}, "BEAR_EARLY_SHORT": {"n": 9, "w": 3, "pnl": -356423414.8451002}, "BEAR_RECOVERY_LONG": {"n": 57, "w": 32, "pnl": 400335721.5977986}}}