{"sym": "BTCUSDT", "nav": 48256.13, "ret": 382.56133086249014, "mdd": 15.681989230647424, "n": 1902, "wr": 54.889589905362776, "fee": 8720.209800947863}