{"sym": "BTCUSDT", "nav": 81623.88, "ret": 716.2388445924474, "mdd": 12.45116924550939, "n": 625, "wr": 58.4, "fee": 7940.647668037663, "by_layer": {"1h": {"n": 229, "w": 110, "pnl": 7096.937918455044}, "4h": {"n": 0, "w": 0, "pnl": 0.0}}, "by_regime": {"CHOP_MID_SHORT": {"n": 36, "w": 7, "pnl": -14281.235238703757}, "BULL_TREND_LONG": {"n": 48, "w": 46, "pnl": 32310.7513855244}, "CHOP_MID_LONG": {"n": 99, "w": 17, "pnl": -44017.80292533749}, "BEAR_TREND_SHORT": {"n": 46, "w": 40, "pnl": 33085.2246969719}}}