{"sym": "BTCUSDT", "nav": 620285.48, "ret": 6102.854779686172, "mdd": 26.29250199353665, "n": 1984, "wr": 56.75403225806451, "fee": 112544.5483463601, "by_layer": {"1h": {"n": 389, "w": 139, "pnl": -211042.2909106672}, "15m": {"n": 106, "w": 100, "pnl": 87097.72573385795}, "4h": {"n": 30, "w": 24, "pnl": 117184.0976914099}}, "by_regime": {"CHOP_MID_LONG": {"n": 184, "w": 26, "pnl": -334874.92904967285}, "CHOP_MID_SHORT": {"n": 86, "w": 25, "pnl": -71770.33056850334}, "BULL_EARLY_LONG": {"n": 14, "w": 4, "pnl": -23016.85239274578}, "BEAR_EARLY_SHORT": {"n": 7, "w": 3, "pnl": -29450.197756339716}, "BULL_TREND_LONG": {"n": 90, "w": 87, "pnl": 128154.88171279468}, "BEAR_RECOVERY_LONG": {"n": 43, "w": 28, "pnl": 89442.01636880357}, "BEAR_TREND_SHORT": {"n": 101, "w": 90, "pnl": 234754.94420026426}}}