{"sym": "ETHUSDT", "nav": 67587.22, "ret": 575.8722314807027, "mdd": 20.09916593340447, "n": 713, "wr": 55.539971949509116, "fee": 7782.787725695005, "by_layer": {"1h": {"n": 253, "w": 114, "pnl": -4773.531142582196}, "4h": {"n": 6, "w": 3, "pnl": 2647.606975793773}}, "by_regime": {"CHOP_MID_LONG": {"n": 96, "w": 14, "pnl": -31632.180144143556}, "CHOP_MID_SHORT": {"n": 59, "w": 16, "pnl": -12254.645384666976}, "BULL_TREND_LONG": {"n": 55, "w": 53, "pnl": 29313.76739021134}, "BEAR_TREND_SHORT": {"n": 49, "w": 34, "pnl": 12447.133971810777}}}