{"sym": "ETHUSDT", "nav": 44513.01, "ret": 345.1300615723779, "mdd": 20.6731050765502, "n": 2184, "wr": 54.8992673992674, "fee": 7670.196139100111}