{"sym": "ETHUSDT", "nav": 72898132.43, "ret": 728881.3243016796, "max_dd": 71.39399205318554, "n": 4647, "wr": 53.66903378523779, "fee": 10182447.315617973, "by_layer": {"15m": {"n": 1141, "w": 606, "pnl": -709442.2892734599}, "1h": {"n": 396, "w": 158, "pnl": -4721730.92094514}, "4h": {"n": 244, "w": 57, "pnl": -19932154.217653926}}, "by_regime": {"CHOP_MID_LONG": {"n": 796, "w": 225, "pnl": -26359955.723555498}, "CHOP_MID_SHORT": {"n": 497, "w": 207, "pnl": -7933530.574811678}, "BULL_TREND_LONG": {"n": 251, "w": 235, "pnl": 7455922.251985895}, "BEAR_RECOVERY_LONG": {"n": 48, "w": 17, "pnl": 6050991.006583338}, "BEAR_TREND_SHORT": {"n": 168, "w": 131, "pnl": 2085631.256581817}, "BEAR_EARLY_SHORT": {"n": 6, "w": 3, "pnl": -73997.31939750191}, "BULL_EARLY_LONG": {"n": 15, "w": 3, "pnl": -6588388.325258885}}}