{"sym": "ETHUSDT", "nav": 651926.52, "ret": 6419.265243532123, "mdd": 29.502380131254725, "n": 1751, "wr": 55.05425471159337, "fee": 84098.3861940962, "by_layer": {"1h": {"n": 389, "w": 124, "pnl": -229826.16066163598}, "4h": {"n": 59, "w": 41, "pnl": 87532.21907415794}, "15m": {"n": 97, "w": 90, "pnl": 59046.11479213678}}, "by_regime": {"CHOP_MID_LONG": {"n": 180, "w": 21, "pnl": -251686.2957640224}, "CHOP_MID_SHORT": {"n": 113, "w": 35, "pnl": -79643.26566820104}, "BULL_TREND_LONG": {"n": 111, "w": 105, "pnl": 145660.7815551895}, "BEAR_RECOVERY_LONG": {"n": 30, "w": 13, "pnl": 9162.976779133627}, "BEAR_TREND_SHORT": {"n": 97, "w": 76, "pnl": 152038.8102236153}, "BEAR_EARLY_SHORT": {"n": 4, "w": 2, "pnl": -1090.2211506919143}, "BULL_EARLY_LONG": {"n": 10, "w": 3, "pnl": -57690.61277036439}}}