{"data": {"basis_pct": -0.04024, "mark_price": 0.0023601, "index_price": 0.00236105, "spread": -0.0}, "exp": 1782727693.2806902}