{"data": -0.00028445, "exp": 1782915237.1217208}