{"data": -0.00097449, "exp": 1782702710.96739}