{"data": {"basis_pct": -0.1493, "mark_price": 0.00536359, "index_price": 0.00537161, "spread": -0.0}, "exp": 1782702743.30242}