{"data": -0.00018523, "exp": 1782727656.74205}