{"data": 71.28999999999999, "exp": 1782702710.9674492}