{"data": {"basis_pct": -0.00609, "mark_price": 0.00229838, "index_price": 0.00229852, "spread": -0.0}, "exp": 1782915263.1707816}