{"data": {"basis_pct": -0.1863, "mark_price": 0.01198, "index_price": 0.01200236, "spread": -0.0}, "exp": 1782748619.7082515}