{"data": -0.00110468, "exp": 1782748592.6533577}