{"data": 58.660000000000004, "exp": 1782748592.6534421}