{"data": {"basis_pct": -0.10453, "mark_price": 0.14365932, "index_price": 0.14380964, "spread": -0.0002}, "exp": 1782820998.541556}