{"data": {"basis_pct": -0.49799, "mark_price": 0.19000752, "index_price": 0.19095847, "spread": -0.001}, "exp": 1782628696.0040803}