{"data": -0.00540517, "exp": 1782628668.9412224}