{"data": {"basis_pct": -0.54947, "mark_price": 0.02047208, "index_price": 0.02058519, "spread": -0.0001}, "exp": 1782723311.039773}