{"data": 45.660000000000004, "exp": 1782770273.3196838}