{"data": {"basis_pct": -0.09558, "mark_price": 0.9975, "index_price": 0.99845429, "spread": -0.001}, "exp": 1782770300.0082817}