{"data": [[1754006400000, "0.0142000", "0.0271890", "0.0122560", "0.0206590", "60148934741", 1756684799999, "1207409139.0313990", 21552231, "30328527597", "609211121.3837810", "0"], [1756684800000, "0.0206620", "0.0270020", "0.0137130", "0.0165490", "58475613781", 1759276799999, "1256699915.9553110", 32871812, "28885226910", "622008101.2788450", "0"], [1759276800000, "0.0165470", "0.1710000", "0.0075300", "0.0136700", "152655611311", 1761955199999, "5552353110.8838690", 48613418, "74847540480", "2760826294.6298490", "0"], [1761955200000, "0.0136700", "0.0141000", "0.0043100", "0.0046900", "45680589012", 1764547199999, "320902315.1096450", 3171507, "21427765320", "150159887.8867830", "0"], [1764547200000, "0.0046920", "0.0108880", "0.0038530", "0.0054080", "159735439208", 1767225599999, "1092421843.0264910", 13910027, "78434071962", "538434759.5339970", "0"], [1767225600000, "0.0054090", "0.0068620", "0.0030680", "0.0034050", "18259055148", 1769903999999, "92852689.8772760", 1871511, "8595021800", "43726291.1696120", "0"], [1769904000000, "0.0034060", "0.0076000", "0.0025040", "0.0061300", "32865617344", 1772323199999, "169817394.3503190", 2824900, "16141282378", "83404931.0928280", "0"], [1772323200000, "0.0061290", "0.0130000", "0.0056420", "0.0069930", "39281403820", 1775001599999, "322457486.1297870", 5941653, "19350121074", "159307471.6956720", "0"], [1775001600000, "0.0069960", "0.0195530", "0.0047340", "0.0150550", "68943659182", 1777593599999, "756998405.6658610", 15767432, "34115375355", "375754154.0108240", "0"], [1777593600000, "0.0150540", "0.0327000", "0.0145630", "0.0264960", "23966061774", 1780271999999, "536647464.7021630", 10675390, "11915113551", "267586458.2216740", "0"], [1780272000000, "0.0265180", "0.0562170", "0.0194790", "0.0476320", "13810171683", 1782863999999, "524452016.4092710", 9423312, "6945918258", "264217611.2827480", "0"]], "exp": 1782621113.830468}