{"data": {"basis_pct": 0.35506, "mark_price": 0.04757938, "index_price": 0.04741104, "spread": 0.0002}, "exp": 1782620875.9812133}