{"data": 0.00034831, "exp": 1782620842.1903546}