{"data": {"basis_pct": -0.09323, "mark_price": 211.19, "index_price": 211.38708341, "spread": -0.1971}, "exp": 1782952177.750042}