{"data": {"basis_pct": -0.07088, "mark_price": 210.13, "index_price": 210.27904523, "spread": -0.149}, "exp": 1782950584.8587518}