{"data": -0.00017066, "exp": 1782952179.9137895}