{"data": -0.00017066, "exp": 1782950544.00215}