{"data": [[1761955200000, "0.2732000", "1.5641300", "0.2058000", "1.0173000", "9277791891", 1764547199999, "4812697467.8042300", 74810530, "4695224077", "2433324908.1325600", "0"], [1764547200000, "1.0174000", "4.5000000", "0.6683000", "1.4641000", "7751928472", 1767225599999, "16860876994.0104100", 217918803, "3884570099", "8460745292.1104000", "0"], [1767225600000, "1.4639000", "1.4802000", "0.1759000", "0.1873000", "5204535431", 1769903999999, "2738253063.8854600", 34326422, "2478261190", "1311275675.9726100", "0"], [1769904000000, "0.1874000", "0.3489000", "0.1291000", "0.2371000", "2947820331", 1772323199999, "652319290.6940600", 8245512, "1425049804", "315184779.1397000", "0"], [1772323200000, "0.2370000", "0.7876000", "0.2213000", "0.4598000", "2985197176", 1775001599999, "1376304323.5491000", 25556950, "1484593361", "685074000.8311000", "0"], [1775001600000, "0.4600000", "0.6263000", "0.2628000", "0.5480000", "2197638710", 1777593599999, "873338554.7715000", 18743602, "1080874152", "429644521.0840000", "0"], [1777593600000, "0.5479000", "1.5290000", "0.4766000", "1.1674000", "2464397035", 1780271999999, "2564605678.1922000", 45546484, "1236261262", "1293485795.1293000", "0"], [1780272000000, "1.1675000", "11.5699000", "1.0245000", "2.9090000", "2153060619", 1782863999999, "7371591101.0853000", 124499289, "1084312986", "3762382237.4415000", "0"], [1782864000000, "2.9090000", "3.6740000", "2.2180000", "2.7890000", "95711517", 1785542399999, "275834118.5278000", 3050971, "47600274", "137172865.2892000", "0"]], "exp": 1783088193.6970363}