{"data": {"basis_pct": 0.03058, "mark_price": 2.789, "index_price": 2.78814741, "spread": 0.0009}, "exp": 1783087957.6105635}