{"data": {"basis_pct": 0.04665, "mark_price": 2.458, "index_price": 2.45685386, "spread": 0.0011}, "exp": 1782671979.0201464}