{"data": {"basis_pct": -0.09122, "mark_price": 2.57688946, "index_price": 2.57924235, "spread": -0.0024}, "exp": 1782915279.5943286}