{"data": -0.00074015, "exp": 1782702714.706641}