{"data": {"basis_pct": -0.04449, "mark_price": 0.10855311, "index_price": 0.10860143, "spread": -0.0}, "exp": 1782702747.0789225}