{"data": -0.00600177, "exp": 1783079145.6730504}