{"data": 56.61000000000001, "exp": 1783079145.6731095}