{"data": {"basis_pct": -0.88961, "mark_price": 0.07650091, "index_price": 0.07718758, "spread": -0.0007}, "exp": 1783079171.799786}