{"data": [[1767225600000, "0.3369100", "0.3454700", "0.2082100", "0.2308900", "1492897460", 1769903999999, "393027304.2181600", 6417059, "735491339", "193742142.9662500", "0"], [1769904000000, "0.2308800", "0.4142500", "0.1488400", "0.1660100", "8506925625", 1772323199999, "2210831432.7242800", 44195828, "4198498092", "1094524718.2974600", "0"], [1772323200000, "0.1661000", "0.1872900", "0.1222600", "0.1347800", "875320245", 1775001599999, "132451763.2626100", 2822201, "432140411", "65400679.1585900", "0"], [1775001600000, "0.1347100", "0.1641500", "0.1238700", "0.1323800", "446551562", 1777593599999, "62127046.6913000", 1019925, "216983560", "30191846.9022000", "0"], [1777593600000, "0.1323400", "0.1527000", "0.0942500", "0.0971500", "421801116", 1780271999999, "54312296.4257700", 903039, "199171891", "25657578.5908900", "0"], [1780272000000, "0.0971500", "0.0997400", "0.0541100", "0.0545800", "730069555", 1782863999999, "54834341.6030800", 1064466, "350438389", "26281844.4991000", "0"], [1782864000000, "0.0545500", "0.1092200", "0.0525000", "0.0763900", "4857802180", 1785542399999, "425541547.7772000", 4582843, "2414393249", "211585206.1551500", "0"]], "exp": 1783079409.3687036}