{"data": 74.55000000000001, "exp": 1783089577.8306665}