{"data": {"basis_pct": 0.05067, "mark_price": 562.86, "index_price": 562.57493844, "spread": 0.2851}, "exp": 1782585546.6645434}