{"data": {"basis_pct": 0.04898, "mark_price": 561.21, "index_price": 560.93527863, "spread": 0.2747}, "exp": 1783053258.6074896}