{"data": {"basis_pct": 0.04696, "mark_price": 560.64, "index_price": 560.37684736, "spread": 0.2632}, "exp": 1783045854.9491801}