{"data": {"basis_pct": 0.04124, "mark_price": 547.54, "index_price": 547.31427441, "spread": 0.2257}, "exp": 1782820997.8635929}