{"data": 74.07000000000001, "exp": 1782786074.7446165}