{"data": {"basis_pct": 0.07314, "mark_price": 566.92, "index_price": 566.50567178, "spread": 0.4143}, "exp": 1783079328.510892}