{"data": 75.27000000000001, "exp": 1782820953.5460515}