{"data": {"basis_pct": 0.05346, "mark_price": 548.44577249, "index_price": 548.15271201, "spread": 0.2931}, "exp": 1782954301.206686}