{"data": 63.580000000000005, "exp": 1783068495.5615082}