{"data": {"basis_pct": -0.04059, "mark_price": 59321.9, "index_price": 59345.9873913, "spread": -24.0874}, "exp": 1782817421.6916595}