{"data": {"basis_pct": -0.04503, "mark_price": 60392.9, "index_price": 60420.10782609, "spread": -27.2078}, "exp": 1782972897.4165351}