{"data": {"basis_pct": -0.04468, "mark_price": 59366.3, "index_price": 59392.8373913, "spread": -26.5374}, "exp": 1782818068.884321}