{"data": {"basis_pct": -0.04502, "mark_price": 59808.9, "index_price": 59835.84043478, "spread": -26.9404}, "exp": 1782786113.0155945}