{"data": {"basis_pct": -0.04774, "mark_price": 59106.45123688, "index_price": 59134.68217391, "spread": -28.2309}, "exp": 1782879262.4879801}