{"data": 63.46000000000001, "exp": 1783045894.2756934}