{"data": 63.660000000000004, "exp": 1783049279.7342215}