{"data": {"basis_pct": -0.0205, "mark_price": 61434.2, "index_price": 61446.7976087, "spread": -12.5976}, "exp": 1783053199.1829429}