{"data": {"basis_pct": -0.03487, "mark_price": 61229.1, "index_price": 61250.45608696, "spread": -21.3561}, "exp": 1783038977.3312562}