{"data": {"basis_pct": -0.04085, "mark_price": 59936.6, "index_price": 59961.0926087, "spread": -24.4926}, "exp": 1782950584.7705684}