{"data": {"basis_pct": -0.04159, "mark_price": 59275.6, "index_price": 59300.26326087, "spread": -24.6633}, "exp": 1782883038.545339}