{"data": {"basis_pct": -0.04691, "mark_price": 61963.15123913, "index_price": 61992.23043478, "spread": -29.0792}, "exp": 1783087852.2362278}