{"data": {"basis_pct": -0.06725, "mark_price": 61293.85634058, "index_price": 61335.10695652, "spread": -41.2506}, "exp": 1783045919.9611917}