{"data": 68.67999999999999, "exp": 1782786079.2018006}