{"data": {"basis_pct": -0.04154, "mark_price": 58931.40372464, "index_price": 58955.89304348, "spread": -24.4893}, "exp": 1782896391.5920045}