{"data": 62.64999999999999, "exp": 1783038945.9979336}