{"data": 63.660000000000004, "exp": 1783062171.8418515}