{"data": {"basis_pct": -0.03607, "mark_price": 59772.0, "index_price": 59793.56673913, "spread": -21.5667}, "exp": 1782915226.677705}