{"data": {"basis_pct": -0.04424, "mark_price": 60142.9, "index_price": 60169.52152174, "spread": -26.6215}, "exp": 1782955999.4853616}