{"data": 62.53999999999999, "exp": 1783089576.3188384}