{"data": {"long_ratio": 0.6274, "short_ratio": 0.37260000000000004, "source": "bybit"}, "exp": 1782733002.9664903}