{"data": 64.64999999999999, "exp": 1782977182.982428}