{"data": 63.519999999999996, "exp": 1783067606.3672545}