{"data": 70.78999999999999, "exp": 1782879227.290674}