{"data": {"basis_pct": -0.03588, "mark_price": 58576.0050942, "index_price": 58597.03065217, "spread": -21.0256}, "exp": 1782894957.2720094}