{"data": -0.00475278, "exp": 1782702697.49074}