{"data": {"basis_pct": -0.46151, "mark_price": 0.07023, "index_price": 0.07055562, "spread": -0.0003}, "exp": 1782702729.6965237}