{"data": 44.519999999999996, "exp": 1782950543.6487167}