{"data": {"basis_pct": -0.10097, "mark_price": 0.01756097, "index_price": 0.01757872, "spread": -0.0}, "exp": 1782727659.2613823}