{"data": {"basis_pct": -0.0802, "mark_price": 0.01799167, "index_price": 0.01800611, "spread": -0.0}, "exp": 1782860313.322616}