{"data": -0.00017094, "exp": 1782950543.6486392}