{"data": {"basis_pct": -0.12524, "mark_price": 0.01776, "index_price": 0.01778227, "spread": -0.0}, "exp": 1782952176.863998}