{"data": -0.00017094, "exp": 1782952178.209516}