{"data": 47.099999999999994, "exp": 1782860277.825796}