{"data": {"basis_pct": -0.12067, "mark_price": 0.01773, "index_price": 0.01775142, "spread": -0.0}, "exp": 1782950584.860798}