{"data": {"basis_pct": 0.02905, "mark_price": 68.87, "index_price": 68.85, "spread": 0.02}, "exp": 1782915330.02182}