{"data": [[1774828800000, "99.88000", "118.00000", "97.40000", "113.77000", "11396571.78", 1775433599999, "1236985836.4004000", 1774230, "5717939.70", "621222981.6731000", "0"], [1775433600000, "113.77000", "117.00000", "91.11000", "98.76000", "80179638.17", 1776038399999, "7919871629.5261000", 8923282, "39574520.70", "3909814697.3456000", "0"], [1776038400000, "98.77000", "99.82000", "79.11000", "87.95000", "57421404.11", 1776643199999, "5097791697.1198000", 4179727, "28262652.76", "2507437035.5025000", "0"], [1776643200000, "87.96000", "98.34000", "85.48000", "96.08000", "58428955.04", 1777247999999, "5356744124.9200000", 4516524, "29156783.65", "2674707216.8036000", "0"], [1777248000000, "96.08000", "110.75000", "94.61000", "101.98000", "59475655.23", 1777852799999, "6097813771.9282000", 4780302, "30030661.98", "3080191569.7408000", "0"], [1777852800000, "101.98000", "107.57000", "88.74000", "97.27000", "76785114.16", 1778457599999, "7466688580.9535000", 5648618, "38496076.43", "3743581754.6376000", "0"], [1778457600000, "97.27000", "102.88000", "94.46000", "102.41000", "48419379.81", 1779062399999, "4756053989.1970000", 3323889, "24268469.69", "2383932505.8953000", "0"], [1779062400000, "102.41000", "105.00000", "88.20000", "92.10000", "65636562.45", 1779667199999, "6483891685.2351000", 4763484, "32985914.33", "3259475610.9981000", "0"], [1779667200000, "92.09000", "94.61000", "86.35000", "89.45000", "50221173.05", 1780271999999, "4516120940.6004000", 3851270, "25233158.93", "2269501512.6314000", "0"], [1780272000000, "89.44000", "96.87000", "89.04000", "92.23000", "49343574.80", 1780876799999, "4574739113.7365000", 4272000, "24966299.20", "2314209487.5207000", "0"], [1780876800000, "92.24000", "94.72000", "77.00000", "79.78000", "53511953.08", 1781481599999, "4667678198.1776000", 4966182, "26316756.39", "2297040071.1334000", "0"], [1781481600000, "79.78000", "80.23000", "72.88000", "77.73000", "38644684.92", 1782086399999, "2960245151.4275000", 2851359, "19682454.74", "1508030705.3585000", "0"], [1782086400000, "77.74000", "77.89000", "68.63000", "69.84000", "35378653.05", 1782691199999, "2536034270.1935000", 2321265, "16920845.63", "1212631718.9064000", "0"], [1782691200000, "69.84000", "71.58000", "68.29000", "68.87000", "10171138.35", 1783295999999, "712027462.3130000", 630479, "5025171.18", "351811898.3407000", "0"]], "exp": 1782915566.587663}