{"data": [[1775001600000, "99.88000", "118.00000", "79.11000", "105.59000", "250936504.05", 1777593599999, "24077229259.1971000", 22987266, "124769906.85", "11978046401.0964000", "0"], [1777593600000, "105.60000", "107.57000", "86.35000", "89.45000", "257027949.75", 1780271999999, "24854732996.6834000", 18774060, "128956271.32", "12471818484.1316000", "0"], [1780272000000, "89.44000", "96.87000", "68.63000", "70.16000", "184441554.47", 1782863999999, "15270373295.0469000", 14893900, "91671500.79", "7597992355.8431000", "0"], [1782864000000, "70.16000", "70.23000", "68.29000", "68.88000", "2608439.38", 1785542399999, "180350187.9967000", 147384, "1240026.35", "85731525.4166000", "0"]], "exp": 1782915566.502716}