{"data": {"basis_pct": -0.05185, "mark_price": 0.07194, "index_price": 0.07197732, "spread": -0.0}, "exp": 1782952177.3320773}