{"data": 69.02000000000001, "exp": 1782952180.2951074}