{"data": {"basis_pct": -0.03208, "mark_price": 0.07565328, "index_price": 0.07567756, "spread": -0.0}, "exp": 1783079201.8350773}