{"data": {"basis_pct": -0.03827, "mark_price": 0.07454, "index_price": 0.07456854, "spread": -0.0}, "exp": 1783053220.6538136}