{"data": {"basis_pct": -0.06323, "mark_price": 0.07115718, "index_price": 0.0712022, "spread": -0.0}, "exp": 1782820997.082818}