{"data": {"basis_pct": -0.07202, "mark_price": 0.07452727, "index_price": 0.07458098, "spread": -0.0001}, "exp": 1783045876.1459513}