{"data": {"basis_pct": -0.07254, "mark_price": 0.07306916, "index_price": 0.0731222, "spread": -0.0001}, "exp": 1782715146.5203843}