{"data": {"basis_pct": -0.04514, "mark_price": 0.81, "index_price": 0.8103658, "spread": -0.0004}, "exp": 1782820998.9581997}