{"data": {"basis_pct": 0.11753, "mark_price": 59.7, "index_price": 59.62991639, "spread": 0.0701}, "exp": 1783016565.5822403}