{"data": 0.00026025, "exp": 1783016539.0674348}