{"data": {"basis_pct": 0.11502, "mark_price": 72.93372153, "index_price": 72.84992647, "spread": 0.0838}, "exp": 1782499147.2612994}