{"data": 0.00029463, "exp": 1782499119.38103}