{"data": 83.00999999999999, "exp": 1783053207.0236394}