{"data": [[1777593600000, "51.24000", "67.48000", "46.54000", "66.13000", "4462289.72", 1780271999999, "261841561.4028000", 1642863, "2123664.29", "124539548.8423000", "0"], [1780272000000, "66.15000", "81.96000", "52.51000", "72.95000", "40764824.41", 1782863999999, "2860515768.1174000", 7154116, "19812273.55", "1392580196.8885000", "0"]], "exp": 1782499385.925161}