{"data": [[1779062400000, "51.24000", "56.10000", "46.54000", "55.37000", "1229612.82", 1779667199999, "63937550.4127000", 591635, "596043.61", "31014151.7193000", "0"], [1779667200000, "55.38000", "67.48000", "54.67000", "66.13000", "3232676.90", 1780271999999, "197904010.9901000", 1051228, "1527620.68", "93525397.1230000", "0"], [1780272000000, "66.15000", "70.32000", "52.51000", "56.45000", "5312887.65", 1780876799999, "334022977.1160000", 1473647, "2456538.74", "154467279.8791000", "0"], [1780876800000, "56.44000", "69.23000", "55.45000", "68.27000", "8226174.26", 1781481599999, "500672784.1171000", 1804330, "3941147.18", "239813868.5507000", "0"], [1781481600000, "68.25000", "81.37000", "67.38000", "77.22000", "7017126.09", 1782086399999, "516033757.9571000", 1204917, "3516722.87", "258571145.8185000", "0"], [1782086400000, "77.22000", "81.96000", "67.23000", "72.72000", "21762197.72", 1782691199999, "1622806069.1705000", 2954665, "10686095.46", "797068070.7862000", "0"], [1782691200000, "72.73000", "74.21000", "58.95000", "62.95000", "21174056.70", 1783295999999, "1407865508.9174000", 2353150, "10196104.74", "678971372.9278000", "0"]], "exp": 1783053479.4855928}