{"data": {"basis_pct": 0.45979, "mark_price": 62.95, "index_price": 62.66188715, "spread": 0.2881}, "exp": 1783053241.9978282}