{"data": [[1777593600000, "51.24000", "67.48000", "46.54000", "66.13000", "4462289.72", 1780271999999, "261841561.4028000", 1642863, "2123664.29", "124539548.8423000", "0"], [1780272000000, "66.15000", "81.96000", "52.51000", "73.50000", "48647120.28", 1782863999999, "3424425068.7905000", 8214337, "23709770.71", "1671583010.4510000", "0"], [1782864000000, "73.51000", "73.95000", "58.95000", "62.91000", "14845313.57", 1785542399999, "956975489.1072000", 1576362, "7086833.70", "457308439.2568000", "0"]], "exp": 1783053479.4445245}