{"data": {"basis_pct": -0.20139, "mark_price": 0.02935182, "index_price": 0.02941105, "spread": -0.0001}, "exp": 1782770223.4061174}