{"data": [[1751328000000, "0.1668000", "0.2538000", "0.1056000", "0.1303000", "3889338027", 1754006399999, "562572322.1923000", 3796295, "1905541322", "275914939.4791000", "0"], [1754006400000, "0.1304000", "0.1950000", "0.0768000", "0.0999800", "7495884544", 1756684799999, "956454638.6090900", 7988767, "3653949697", "467388191.2675000", "0"], [1756684800000, "0.0999900", "0.1958100", "0.0985100", "0.1579600", "2557348627", 1759276799999, "340270002.3270100", 4779538, "1212460057", "161429772.6070500", "0"], [1759276800000, "0.1580800", "0.2446500", "0.0746100", "0.2313600", "600081990", 1761955199999, "115354938.1095000", 2646670, "287359386", "55411532.3713300", "0"], [1761955200000, "0.2314700", "0.5195700", "0.1566000", "0.4467200", "2909176647", 1764547199999, "986696748.2071600", 21893602, "1483867905", "504713107.1723500", "0"], [1764547200000, "0.4467200", "0.4987700", "0.3567500", "0.4014800", "483578984", 1767225599999, "203967650.2876600", 3902956, "248536195", "104928797.8178100", "0"], [1767225600000, "0.4013800", "0.5844900", "0.2574500", "0.4998300", "513857946", 1769903999999, "238068997.1920900", 4048067, "258673639", "120039773.1367300", "0"], [1769904000000, "0.4998400", "0.5032500", "0.2982400", "0.3066500", "180401297", 1772323199999, "68910786.8650300", 1576219, "91334934", "34937904.5951500", "0"], [1772323200000, "0.3066500", "0.3996500", "0.2675900", "0.3728900", "470587457", 1775001599999, "159080155.3687700", 4210489, "239281288", "81254980.8681200", "0"], [1775001600000, "0.3725400", "0.5031000", "0.3239000", "0.3888000", "306215300", 1777593599999, "126493298.9501800", 2490595, "154642515", "64093195.3042100", "0"], [1777593600000, "0.3888000", "0.8345000", "0.0338000", "0.0370000", "22946099949", 1780271999999, "1646218785.7076800", 21247236, "11315202267", "820693188.5970300", "0"], [1780272000000, "0.0370000", "0.3400000", "0.0230200", "0.0278400", "56512360356", 1782863999999, "4137689698.2739000", 91630470, "27571177499", "2055204269.8306600", "0"], [1782864000000, "0.0278200", "0.0285800", "0.0235000", "0.0250000", "695167165", 1785542399999, "18277466.7914900", 409147, "297085331", "7827345.4981200", "0"]], "exp": 1782992781.6549885}