{"data": {"basis_pct": 0.13405, "mark_price": 0.0249795, "index_price": 0.02494606, "spread": 0.0}, "exp": 1782992543.5097845}