{"data": 68.89999999999999, "exp": 1782915221.6092544}