{"data": {"basis_pct": -0.0408, "mark_price": 1622.7, "index_price": 1623.36232558, "spread": -0.6623}, "exp": 1782972897.338623}