{"data": {"basis_pct": -0.04259, "mark_price": 1584.40585806, "index_price": 1585.08093023, "spread": -0.6751}, "exp": 1782817724.6644993}