{"data": {"basis_pct": -0.04647, "mark_price": 1588.53, "index_price": 1589.26860465, "spread": -0.7386}, "exp": 1782786121.6923506}