{"data": 64.64999999999999, "exp": 1782973669.4455206}