{"data": {"basis_pct": -0.05245, "mark_price": 1584.18288292, "index_price": 1585.01418605, "spread": -0.8313}, "exp": 1782817421.6950748}