{"data": {"basis_pct": -0.03697, "mark_price": 1742.85, "index_price": 1743.49465116, "spread": -0.6447}, "exp": 1783087708.3942833}