{"data": {"basis_pct": -0.0193, "mark_price": 1606.77, "index_price": 1607.08023256, "spread": -0.3102}, "exp": 1782915247.1836727}