{"data": {"basis_pct": -0.03571, "mark_price": 1615.99, "index_price": 1616.5672093, "spread": -0.5772}, "exp": 1782956060.1674616}