{"data": 61.419999999999995, "exp": 1783071433.5707285}