{"data": {"basis_pct": -0.04881, "mark_price": 1596.09985271, "index_price": 1596.87930233, "spread": -0.7794}, "exp": 1782883038.581055}