{"data": {"basis_pct": -0.01345, "mark_price": 1580.19, "index_price": 1580.40255814, "spread": -0.2126}, "exp": 1782896392.2454925}