{"data": {"basis_pct": -0.05444, "mark_price": 1697.2, "index_price": 1698.1244186, "spread": -0.9244}, "exp": 1783045943.377908}