{"data": {"basis_pct": -0.0308, "mark_price": 1571.37773643, "index_price": 1571.86186047, "spread": -0.4841}, "exp": 1782894957.1916635}