{"data": {"basis_pct": -0.05082, "mark_price": 1626.0283876, "index_price": 1626.85511628, "spread": -0.8267}, "exp": 1782973680.6710422}