{"data": {"basis_pct": -0.0526, "mark_price": 1721.62, "index_price": 1722.52604651, "spread": -0.906}, "exp": 1783071431.840029}