{"data": {"basis_pct": -0.04594, "mark_price": 1714.60652713, "index_price": 1715.39465116, "spread": -0.7881}, "exp": 1783057314.8656225}