{"data": {"basis_pct": -0.04851, "mark_price": 1591.61686047, "index_price": 1592.38930233, "spread": -0.7724}, "exp": 1782879287.5485382}