{"data": {"basis_pct": -0.0491, "mark_price": 1605.7915969, "index_price": 1606.58046512, "spread": -0.7889}, "exp": 1782950584.4858348}