{"data": {"basis_pct": -0.09025, "mark_price": 1695.11, "index_price": 1696.64116279, "spread": -1.5312}, "exp": 1783038935.2922266}