{"data": 61.339999999999996, "exp": 1783045917.5192876}