{"data": {"basis_pct": -0.01624, "mark_price": 0.1767, "index_price": 0.1767287, "spread": -0.0}, "exp": 1782723315.6253095}