{"data": 51.449999999999996, "exp": 1782723283.2789872}