{"data": {"basis_pct": -0.14968, "mark_price": 0.00228143, "index_price": 0.00228485, "spread": -0.0}, "exp": 1782748693.1639187}