{"data": 53.56999999999999, "exp": 1782723299.023509}