{"data": {"basis_pct": -0.28243, "mark_price": 0.01802047, "index_price": 0.01807151, "spread": -0.0001}, "exp": 1782723331.6720457}