{"data": [[1767225600000, "0.0376800", "0.0485000", "0.0323200", "0.0415130", "8203827851", 1769903999999, "336357124.8671780", 4902618, "4098508264", "168173044.9510880", "0"], [1769904000000, "0.0415190", "0.0533330", "0.0228000", "0.0463000", "20726765509", 1772323199999, "738455912.7040820", 11994677, "10333850367", "369147275.3732010", "0"], [1772323200000, "0.0462920", "0.0595910", "0.0370050", "0.0427920", "8868071777", 1775001599999, "405297735.4567860", 8214712, "4439458563", "203061161.6972040", "0"], [1775001600000, "0.0427910", "0.1388400", "0.0420120", "0.1075900", "8955645090", 1777593599999, "823187103.5528530", 12807756, "4501955696", "414530319.9042840", "0"], [1777593600000, "0.1075400", "0.1656000", "0.0983400", "0.1022600", "2836131565", 1780271999999, "383481120.7863060", 6846431, "1443704431", "195750850.7307890", "0"], [1780272000000, "0.1022600", "0.2500000", "0.0945100", "0.1546000", "4340565724", 1782863999999, "694476626.7652870", 12774327, "2161852653", "347570296.2962180", "0"]], "exp": 1782770473.8030298}