{"data": -0.00149458, "exp": 1782770208.1958098}