{"data": {"basis_pct": -0.58328, "mark_price": 0.15459579, "index_price": 0.15550281, "spread": -0.0009}, "exp": 1782770235.0601513}