{"data": 57.11000000000001, "exp": 1783053263.6423993}