{"data": {"basis_pct": -0.04927, "mark_price": 66.37899048, "index_price": 66.41171429, "spread": -0.0327}, "exp": 1783053289.707536}