{"data": {"basis_pct": 0.0003, "mark_price": 69.19870976, "index_price": 69.1985, "spread": 0.0002}, "exp": 1783079187.0693953}