{"data": 54.879999999999995, "exp": 1782671904.1594098}