{"data": {"basis_pct": -0.04929, "mark_price": 64.45706905, "index_price": 64.48885714, "spread": -0.0318}, "exp": 1782915294.8268173}