{"data": {"basis_pct": -0.0, "mark_price": 62.04535476, "index_price": 62.04535714, "spread": -0.0}, "exp": 1782671931.603513}