{"data": {"basis_pct": -0.08203, "mark_price": 121.66985692, "index_price": 121.76974127, "spread": -0.0999}, "exp": 1783053369.2474566}