{"data": [[1769904000000, "46.50000", "54.00000", "42.91000", "45.44000", "4341866.83", 1772323199999, "205227261.9989000", 670954, "2110273.48", "99658467.7109000", "0"], [1772323200000, "45.44000", "49.14000", "40.58000", "44.45000", "7445267.06", 1775001599999, "333239402.9007000", 1389168, "3746628.51", "167722676.0696000", "0"], [1775001600000, "44.45000", "100.95000", "43.72000", "93.65000", "14147832.06", 1777593599999, "952116082.4687000", 3498578, "7171978.85", "482542244.7811000", "0"], [1777593600000, "93.65000", "135.00000", "92.05000", "115.95000", "17679805.98", 1780271999999, "2054136460.6429000", 8654062, "8705533.61", "1011423707.8499000", "0"], [1780272000000, "115.95000", "144.94000", "93.01000", "139.50000", "42305970.10", 1782863999999, "5119138264.9690000", 14331996, "20809935.49", "2518858110.2902000", "0"], [1782864000000, "139.51000", "140.02000", "118.53000", "119.75000", "3411843.42", 1785542399999, "434535293.0720000", 1032064, "1697773.30", "216007380.3806000", "0"]], "exp": 1783016876.3227797}