{"data": 65.16999999999999, "exp": 1783016612.6938212}