{"data": {"basis_pct": 0.05442, "mark_price": 119.78443951, "index_price": 119.7192864, "spread": 0.0652}, "exp": 1783016638.6584506}