{"data": {"basis_pct": -0.10646, "mark_price": 0.76652907, "index_price": 0.76734599, "spread": -0.0008}, "exp": 1783087957.535806}