{"data": {"basis_pct": -0.11367, "mark_price": 0.804, "index_price": 0.80491497, "spread": -0.0009}, "exp": 1782585558.0122037}