{"data": 0.00014391, "exp": 1782620373.3215377}