{"data": [[1759276800000, "0.3500000", "0.6999200", "0.1100000", "0.2553700", "19193341325", 1761955199999, "5756846261.1947500", 81399141, "9346363934", "2811377345.9362000", "0"], [1761955200000, "0.2554100", "0.3197900", "0.1554400", "0.1918700", "2300160490", 1764547199999, "547501428.3714200", 13156553, "1110246777", "264235435.0235300", "0"], [1764547200000, "0.1918600", "0.2527900", "0.1330100", "0.2015900", "1957003022", 1767225599999, "390101633.5319300", 8055694, "950475828", "189520118.8944400", "0"], [1767225600000, "0.2015700", "0.3500000", "0.1959800", "0.2215500", "1083414704", 1769903999999, "298718254.3648000", 6877389, "536871768", "148101041.8169100", "0"], [1769904000000, "0.2214100", "0.2314600", "0.1557100", "0.1833300", "437745157", 1772323199999, "79090468.6737400", 1546641, "215684669", "38978188.7523200", "0"], [1772323200000, "0.1834600", "0.2444700", "0.1705400", "0.1810000", "335356301", 1775001599999, "68452182.5865900", 1700062, "165295416", "33721046.6315500", "0"], [1775001600000, "0.1808500", "0.1991300", "0.1333400", "0.1783200", "476789859", 1777593599999, "77796412.5444900", 1791749, "230833481", "37678579.4154000", "0"], [1777593600000, "0.1781600", "0.2600000", "0.1648600", "0.1769600", "347340587", 1780271999999, "72763593.8475600", 1362868, "166931950", "35050984.2195100", "0"], [1780272000000, "0.1768600", "0.2325000", "0.1500900", "0.2299000", "496492759", 1782863999999, "96314313.3882100", 1890180, "240673939", "46781787.4554200", "0"]], "exp": 1782620644.5678086}