{"data": {"basis_pct": 0.22747, "mark_price": 0.2302, "index_price": 0.22967755, "spread": 0.0005}, "exp": 1782620405.5518599}