{"data": [[1782086400000, "1090.80000", "1121.24000", "652.47000", "766.08000", "1048628.74", 1782691199999, "811812847.6985000", 5231217, "520382.58", "403293535.3977000", "0"], [1782691200000, "766.08000", "792.86000", "485.74000", "590.65000", "4906294.49", 1783295999999, "3037171697.0696000", 12178935, "2402393.59", "1488008362.2566000", "0"]], "exp": 1783053458.910882}