{"data": [[1782086400000, "1090.80000", "1121.24000", "652.47000", "757.12000", "941919.12", 1782691199999, "731392131.0361000", 4707070, "467285.16", "363281592.4406000", "0"]], "exp": 1782499402.0072575}