{"data": [[1782086400000, "1090.80000", "1121.24000", "1049.93000", "1060.00000", "1699.96", 1782172799999, "1841135.3246000", 18056, "798.99", "864654.6424000", "0"], [1782172800000, "1059.83000", "1059.83000", "701.00000", "732.08000", "131421.41", 1782259199999, "100272600.5013000", 974848, "64279.92", "49041257.7390000", "0"], [1782259200000, "732.48000", "927.16000", "681.00000", "907.08000", "250529.95", 1782345599999, "197123926.8309000", 1270379, "126230.67", "99568359.1767000", "0"], [1782345600000, "907.12000", "907.98000", "763.33000", "816.52000", "218717.77", 1782431999999, "184821380.4860000", 1113319, "108087.69", "91372170.9815000", "0"], [1782432000000, "816.49000", "831.85000", "652.47000", "735.04000", "371426.80", 1782518399999, "270974974.1373000", 1490933, "184335.05", "134637139.3106000", "0"], [1782518400000, "735.12000", "755.00000", "731.39000", "738.29000", "26242.54", 1782604799999, "19516963.1794000", 171638, "13284.47", "9880125.8669000", "0"], [1782604800000, "738.29000", "804.15000", "729.81000", "766.08000", "48590.31", 1782691199999, "37261867.2390000", 192044, "23365.79", "17929827.6806000", "0"], [1782691200000, "766.08000", "768.79000", "642.09000", "738.31000", "776080.38", 1782777599999, "544154763.8313000", 1880731, "383016.24", "268652408.2965000", "0"], [1782777600000, "738.34000", "792.86000", "677.46000", "772.62000", "400050.11", 1782863999999, "297813452.2567000", 1418876, "200812.52", "149551169.0591000", "0"], [1782864000000, "772.85000", "774.55000", "588.00000", "591.99000", "1079254.84", 1782950399999, "714397795.3021000", 2969185, "514051.38", "340474597.5441000", "0"], [1782950400000, "591.98000", "635.42000", "485.74000", "542.92000", "2345051.90", 1783036799999, "1311387124.8239000", 5146568, "1150161.82", "643818217.2431000", "0"], [1783036800000, "542.75000", "597.01000", "516.39000", "593.62000", "309919.39", 1783123199999, "171818170.3357000", 772357, "156120.36", "86557289.7880000", "0"]], "exp": 1783053399.3506377}