{"data": 0.001144, "exp": 1783053399.3508615}