{"data": [[1780272000000, "1090.80000", "1121.24000", "652.47000", "757.14000", "941919.26", 1782863999999, "731392237.0341000", 4707074, "467285.30", "363281698.4386000", "0"]], "exp": 1782499401.9674377}