{"data": 75.14999999999999, "exp": 1783053399.350934}