{"data": {"basis_pct": 0.02098, "mark_price": 756.64951491, "index_price": 756.49079914, "spread": 0.1587}, "exp": 1782499163.1072943}