{"data": {"basis_pct": 3.0, "mark_price": 582.83174359, "index_price": 565.85606174, "spread": 16.9757}, "exp": 1783053221.5050385}