{"data": [[1780272000000, "1090.80000", "1121.24000", "642.09000", "772.62000", "2224759.23", 1782863999999, "1653781063.7865000", 8530824, "1104211.34", "821497112.7533000", "0"], [1782864000000, "772.85000", "774.55000", "485.74000", "590.41000", "3730173.47", 1785542399999, "2195209072.8062000", 8879399, "1818569.14", "1069807330.1203000", "0"]], "exp": 1783053458.8607872}