{"data": [[1782086400000, "1090.80000", "1121.24000", "652.47000", "757.11000", "941918.69", 1782691199999, "731391805.4801000", 4707064, "467284.73", "363281266.8846000", "0"]], "exp": 1782499405.1751115}