{"data": [[1782086400000, "1090.80000", "1121.24000", "1049.93000", "1060.00000", "1699.96", 1782172799999, "1841135.3246000", 18056, "798.99", "864654.6424000", "0"], [1782172800000, "1059.83000", "1059.83000", "701.00000", "732.08000", "131421.41", 1782259199999, "100272600.5013000", 974848, "64279.92", "49041257.7390000", "0"], [1782259200000, "732.48000", "927.16000", "681.00000", "907.08000", "250529.95", 1782345599999, "197123926.8309000", 1270379, "126230.67", "99568359.1767000", "0"], [1782345600000, "907.12000", "907.98000", "763.33000", "816.52000", "218717.77", 1782431999999, "184821380.4860000", 1113319, "108087.69", "91372170.9815000", "0"], [1782432000000, "816.49000", "831.85000", "652.47000", "757.14000", "339550.36", 1782518399999, "247333337.7462000", 1330474, "167888.21", "122435392.1842000", "0"]], "exp": 1782499135.5799577}