{"data": {"basis_pct": -1.61457, "mark_price": 7.299, "index_price": 7.41878131, "spread": -0.1198}, "exp": 1783079290.1221948}