{"data": {"basis_pct": -3.16724, "mark_price": 15.024, "index_price": 15.51541035, "spread": -0.4914}, "exp": 1782748680.115486}