{"data": -0.00289241, "exp": 1782770279.242626}