{"data": 56.699999999999996, "exp": 1783079266.9808407}