{"data": [[1759276800000, "0.2500100", "0.5039600", "0.1158600", "0.2122400", "9856897859", 1761955199999, "2424735373.7085200", 27605126, "4858620182", "1198611571.1231200", "0"], [1761955200000, "0.2122400", "0.2558800", "0.0833500", "0.0894700", "9845751250", 1764547199999, "1603539210.0293500", 29565859, "4800446080", "783053017.2873400", "0"], [1764547200000, "0.0894500", "0.1774200", "0.0741400", "0.1177100", "5091881201", 1767225599999, "625991510.9455400", 12486748, "2508529790", "308841631.8614500", "0"], [1767225600000, "0.1177500", "0.2187300", "0.1090200", "0.1370900", "2144388661", 1769903999999, "347166685.3240700", 7520883, "1054179912", "171231168.0242400", "0"], [1769904000000, "0.1370500", "0.1717400", "0.1107900", "0.1587800", "347129832", 1772323199999, "48759707.9392000", 1335981, "169804805", "23844103.8121700", "0"], [1772323200000, "0.1587800", "0.2350000", "0.1342500", "0.2123000", "698496123", 1775001599999, "129672070.1858300", 3771970, "349911310", "64998974.7641400", "0"], [1775001600000, "0.2122900", "0.9773000", "0.1889500", "0.6965000", "2575971294", 1777593599999, "1407200886.2708300", 44633754, "1289530212", "704498948.0559300", "0"], [1777593600000, "0.6966000", "9.5000000", "0.6708000", "9.3531000", "7232236328", 1780271999999, "20632067269.5423000", 261307942, "3660158415", "10519110675.2490200", "0"], [1780272000000, "9.3532000", "24.3998000", "5.7586000", "14.3850000", "1110567555", 1782863999999, "15189683532.2426600", 163556305, "559725699", "7654790332.1493400", "0"]], "exp": 1782770550.722629}