{"data": -0.00243928, "exp": 1783079266.980762}