{"data": {"basis_pct": -0.06541, "mark_price": 7.24524293, "index_price": 7.24998505, "spread": -0.0047}, "exp": 1782820999.142807}