{"data": 63.85999999999999, "exp": 1782820955.7375493}