{"data": -0.00184492, "exp": 1782702688.257614}