{"data": {"basis_pct": -1.75256, "mark_price": 0.04685825, "index_price": 0.04769412, "spread": -0.0008}, "exp": 1782702720.6146889}