{"data": {"basis_pct": -0.14193, "mark_price": 0.08357, "index_price": 0.08368878, "spread": -0.0001}, "exp": 1782715114.1619208}