{"data": 0.00095449, "exp": 1782770184.6791053}