{"data": {"basis_pct": -0.14351, "mark_price": 0.00131511, "index_price": 0.001317, "spread": -0.0}, "exp": 1782770210.9890716}