{"data": [[1778457600000, "177.58000", "183.96000", "173.77000", "176.59000", "32819.33", 1779062399999, "5887045.8154000", 125354, "15281.60", "2740421.1332000", "0"], [1779062400000, "176.62000", "199.70000", "162.92000", "198.29000", "229122.64", 1779667199999, "42788386.5535000", 506341, "112722.58", "21044440.4259000", "0"], [1779667200000, "198.14000", "222.57000", "187.02000", "206.45000", "977983.80", 1780271999999, "199335163.8311000", 1113752, "457336.10", "93328693.4676000", "0"], [1780272000000, "206.45000", "342.53000", "195.75000", "283.78000", "9760023.14", 1780876799999, "2831058763.5893000", 10041086, "4694484.47", "1361536024.4400000", "0"], [1780876800000, "283.78000", "305.25000", "241.95000", "286.97000", "8899924.78", 1781481599999, "2405632230.4932000", 8965065, "4333069.25", "1170529550.4522000", "0"], [1781481600000, "287.00000", "330.20000", "278.55000", "310.38000", "4532179.71", 1782086399999, "1372261335.7654000", 4549315, "2212738.72", "669999940.2298000", "0"], [1782086400000, "310.40000", "319.27000", "262.53000", "267.56000", "4853779.58", 1782691199999, "1378407805.9580000", 4894716, "2375044.83", "674656057.6771000", "0"]], "exp": 1782542600.2835827}