{"data": [[1777593600000, "177.58000", "222.57000", "162.92000", "206.45000", "1239925.77", 1780271999999, "248010596.2000000", 1745447, "585340.28", "117113555.0267000", "0"], [1780272000000, "206.45000", "342.53000", "195.75000", "267.56000", "28045907.21", 1782863999999, "7987360135.8059000", 28450182, "13615337.27", "3876721572.7991000", "0"]], "exp": 1782542600.2286885}