{"data": 0.00010771, "exp": 1782542334.4122949}