{"data": {"basis_pct": 0.17411, "mark_price": 267.53822046, "index_price": 267.07320636, "spread": 0.465}, "exp": 1782542361.426534}