{"data": {"basis_pct": -0.00924, "mark_price": 82.82558274, "index_price": 82.83323287, "spread": -0.0077}, "exp": 1782499105.3111887}