{"data": [[1769904000000, "129.99000", "140.88000", "118.60000", "129.39000", "1920730.86", 1772323199999, "250623064.0578000", 912956, "967962.70", "126198418.2768000", "0"], [1772323200000, "129.41000", "152.24000", "117.79000", "125.69000", "6222287.37", 1775001599999, "848191122.0109000", 3198993, "3149661.47", "428906865.5049000", "0"], [1775001600000, "125.68000", "183.30000", "116.47000", "165.53000", "7790968.19", 1777593599999, "1154732248.8274000", 4062290, "3894881.62", "577072513.3610000", "0"], [1777593600000, "165.54000", "196.90000", "144.43000", "159.60000", "7129456.62", 1780271999999, "1227732616.4606000", 4778312, "3531712.83", "607959114.8086000", "0"], [1780272000000, "159.61000", "161.30000", "81.52000", "82.83000", "24458421.70", 1782863999999, "2686708623.3401000", 7454702, "12284620.88", "1351783200.2256000", "0"]], "exp": 1782499344.1758418}