{"data": {"basis_pct": 0.42133, "mark_price": 1004.39169442, "index_price": 1000.17763312, "spread": 4.2141}, "exp": 1783053338.9726067}