{"data": 0.00030931, "exp": 1783053312.4196436}