{"data": 0.00016174, "exp": 1783016596.4827454}