{"data": 76.57000000000001, "exp": 1783016596.482815}