{"data": {"basis_pct": 0.1357, "mark_price": 1149.74357282, "index_price": 1148.18552663, "spread": 1.558}, "exp": 1782499180.1057286}