{"data": {"basis_pct": 0.19103, "mark_price": 967.13, "index_price": 965.28602169, "spread": 1.844}, "exp": 1783016622.7041082}