{"data": [[1775001600000, "375.69000", "535.24000", "360.00000", "505.90000", "283653.65", 1777593599999, "131872893.0990000", 1073552, "138566.16", "64473602.8197000", "0"], [1777593600000, "505.95000", "1005.00000", "505.66000", "989.14000", "7657598.09", 1780271999999, "6401244401.6373000", 16627943, "3789266.94", "3167060851.9586000", "0"], [1780272000000, "989.37000", "1255.44000", "835.00000", "1149.73000", "19445337.78", 1782863999999, "20347906893.7637000", 44673772, "9594900.15", "10044333545.3165000", "0"]], "exp": 1782499419.0305164}