{"data": [[1775001600000, "375.69000", "535.24000", "360.00000", "505.90000", "283653.65", 1777593599999, "131872893.0990000", 1073552, "138566.16", "64473602.8197000", "0"], [1777593600000, "505.95000", "1005.00000", "505.66000", "989.14000", "7657598.09", 1780271999999, "6401244401.6373000", 16627943, "3789266.94", "3167060851.9586000", "0"], [1780272000000, "989.37000", "1255.44000", "835.00000", "1156.88000", "22309923.64", 1782863999999, "23554254337.0854000", 51496519, "11009606.85", "11627979557.1111000", "0"], [1782864000000, "1156.90000", "1161.89000", "955.19000", "963.23000", "3088438.58", 1785542399999, "3208830580.9208000", 5681227, "1497167.46", "1555456035.6737000", "0"]], "exp": 1783016698.182339}