{"data": [[1775433600000, "375.69000", "425.69000", "360.00000", "417.82000", "57869.45", 1776038399999, "23587769.2050000", 244511, "26863.39", "10945723.2247000", "0"], [1776038400000, "417.00000", "473.35000", "405.11000", "451.45000", "67537.31", 1776643199999, "30117564.7112000", 244806, "33957.70", "15098296.0053000", "0"], [1776643200000, "451.36000", "507.42000", "436.21000", "494.59000", "80705.86", 1777247999999, "38141610.8222000", 275008, "39029.78", "18441452.9535000", "0"], [1777248000000, "494.72000", "547.79000", "488.55000", "539.60000", "110018.86", 1777852799999, "57334490.5805000", 476610, "54446.73", "28370317.8249000", "0"], [1777852800000, "539.83000", "767.05000", "539.75000", "754.90000", "339771.40", 1778457599999, "227590822.2756000", 1374168, "167399.61", "111906484.3069000", "0"], [1778457600000, "754.69000", "817.89000", "707.59000", "723.68000", "1454202.49", 1779062399999, "1125115645.0963000", 3984290, "723118.68", "559693180.4860000", "0"], [1779062400000, "723.50000", "788.44000", "653.34000", "776.35000", "1727119.49", 1779667199999, "1245305292.1766000", 4202731, "858843.48", "619637016.2866000", "0"], [1779667200000, "776.55000", "1005.00000", "773.00000", "989.14000", "4104026.88", 1780271999999, "3785924099.8689000", 6899371, "2024173.73", "1867441983.6904000", "0"], [1780272000000, "989.37000", "1091.27000", "835.00000", "888.57000", "4240346.31", 1780876799999, "4189710051.3044000", 8839887, "2082086.69", "2058588419.9050000", "0"], [1780876800000, "888.51000", "1044.70000", "856.10000", "1034.10000", "5096546.83", 1781481599999, "4755281202.4122000", 11907566, "2519842.59", "2351912756.0185000", "0"], [1781481600000, "1034.25000", "1157.09000", "1014.00000", "1128.62000", "2822031.40", 1782086399999, "3051444653.0441000", 6531003, "1381159.35", "1493535329.9998000", "0"], [1782086400000, "1128.64000", "1255.44000", "993.88000", "1153.68000", "7609796.96", 1782691199999, "8719828188.4299000", 18678178, "3770706.67", "4321325561.8622000", "0"], [1782691200000, "1153.70000", "1169.00000", "951.42000", "1004.66000", "6006528.70", 1783295999999, "6414982057.8919000", 12266500, "2937692.07", "3138504292.3325000", "0"]], "exp": 1783053353.6061497}