{"data": 0.0001834, "exp": 1782499152.254734}