{"data": 63.14999999999999, "exp": 1782499152.254804}