{"data": 47.599999999999994, "exp": 1782786075.7854187}