{"data": 51.559999999999995, "exp": 1783067542.8292813}