{"data": {"basis_pct": -0.02413, "mark_price": 1.85140718, "index_price": 1.85185405, "spread": -0.0004}, "exp": 1782727650.933885}