{"data": {"basis_pct": -0.04153, "mark_price": 1.997, "index_price": 1.99782973, "spread": -0.0008}, "exp": 1783079239.3120186}