{"data": 51.239999999999995, "exp": 1783063934.8888702}