{"data": {"basis_pct": -0.05144, "mark_price": 1.943, "index_price": 1.944, "spread": -0.001}, "exp": 1783053322.992436}