{"data": 51.349999999999994, "exp": 1783065737.8055794}