{"data": -0.00149808, "exp": 1783016553.8485954}