{"data": {"basis_pct": 0.756, "mark_price": 0.00802188, "index_price": 0.00796169, "spread": 0.0001}, "exp": 1783016580.3846154}