{"data": {"basis_pct": 0.1446, "mark_price": 0.8422222, "index_price": 0.84100614, "spread": 0.0012}, "exp": 1782620400.9227736}