{"data": 0.00020327, "exp": 1782620368.676254}