{"data": [[1761955200000, "0.1701000", "0.6265000", "0.1110000", "0.4261000", "15448412868", 1764547199999, "4736606924.9563000", 65983078, "7826404566", "2399732334.2303000", "0"], [1764547200000, "0.4262000", "1.0221000", "0.3214000", "0.5230000", "7863379437", 1767225599999, "4189195475.9022000", 49274103, "3875863033", "2073022988.3092000", "0"], [1767225600000, "0.5228000", "0.9406000", "0.4321000", "0.4700000", "2845208013", 1769903999999, "1863505316.9198000", 24704435, "1397686542", "919932886.8911000", "0"], [1769904000000, "0.4700000", "0.5696000", "0.3733000", "0.5316000", "462020377", 1772323199999, "210157021.8870000", 3077696, "226902056", "103264034.9586000", "0"], [1772323200000, "0.5316000", "0.6218000", "0.4596000", "0.5392000", "235050618", 1775001599999, "124947066.3846000", 2265685, "116055253", "61706117.5192000", "0"], [1775001600000, "0.5396000", "1.7600000", "0.3968000", "0.6747000", "2855845394", 1777593599999, "2806102614.3717000", 35179301, "1420318593", "1399489816.1805000", "0"], [1777593600000, "0.6746000", "1.0786000", "0.6514000", "0.6966000", "565993813", 1780271999999, "479965240.4599000", 8425854, "273568598", "232599267.2966000", "0"], [1780272000000, "0.6972000", "1.2142000", "0.5710000", "0.8430000", "497847852", 1782863999999, "417656309.1372000", 7783951, "245612516", "207242220.5349000", "0"]], "exp": 1782620639.9184089}