{"data": {"basis_pct": 0.01664, "mark_price": 0.00487, "index_price": 0.00486919, "spread": 0.0}, "exp": 1782727675.3289464}