{"data": {"basis_pct": -1.4029, "mark_price": 0.05950553, "index_price": 0.06035221, "spread": -0.0008}, "exp": 1782702725.2107518}