{"data": -0.01698996, "exp": 1782702692.8410845}