{"data": 61.85000000000001, "exp": 1782702692.841129}