{"data": -0.00157208, "exp": 1782702679.1928177}