{"data": {"basis_pct": -0.11212, "mark_price": 0.08436867, "index_price": 0.08446337, "spread": -0.0001}, "exp": 1782702714.7755346}