{"data": [[1743465600000, "0.5800000", "0.5800000", "0.4840000", "0.5124000", "99541726", 1746057599999, "52399880.6713000", 476825, "48562403", "25572564.4719000", "0"], [1746057600000, "0.5124000", "0.6476000", "0.3097000", "0.3218000", "3978340928", 1748735999999, "1926861648.1606000", 12244755, "1951022367", "947545763.5189000", "0"], [1748736000000, "0.3219000", "0.3448000", "0.2480000", "0.2789000", "539725297", 1751327999999, "165373035.6403000", 1918109, "263703177", "80820354.4677000", "0"], [1751328000000, "0.2789000", "0.3988000", "0.2634000", "0.3107000", "776734268", 1754006399999, "258076085.3384000", 2403559, "379268509", "126133156.3330000", "0"], [1754006400000, "0.3108000", "0.3384000", "0.2811000", "0.2876000", "245935036", 1756684799999, "75049718.7307000", 1420326, "121591646", "37118182.6163000", "0"], [1756684800000, "0.2876000", "0.3588000", "0.2801000", "0.3089000", "491314161", 1759276799999, "155157757.9676000", 2039380, "238720215", "75463005.6049000", "0"], [1759276800000, "0.3090000", "0.3808000", "0.2013000", "0.2990000", "509524162", 1761955199999, "166127462.7927000", 2180792, "246894235", "80588505.8373000", "0"], [1761955200000, "0.2989000", "0.3191000", "0.2284000", "0.2575000", "227511870", 1764547199999, "62766811.9311000", 1076146, "112455267", "31002338.4531000", "0"], [1764547200000, "0.2575000", "0.2624000", "0.2106000", "0.2314000", "128574128", 1767225599999, "30133426.1009000", 619899, "62833148", "14716969.5392000", "0"], [1767225600000, "0.2314000", "0.2604000", "0.1682000", "0.1849000", "124483354", 1769903999999, "28437415.4847000", 644521, "61065079", "13973942.8740000", "0"], [1769904000000, "0.1849000", "0.1910000", "0.1431000", "0.1582000", "258482303", 1772323199999, "42643223.0547000", 955137, "127392589", "21032353.8318000", "0"], [1772323200000, "0.1582000", "0.1620000", "0.1340000", "0.1420000", "112555507", 1775001599999, "16995758.1293000", 413370, "56054670", "8461266.4702000", "0"], [1775001600000, "0.1420000", "0.1579000", "0.1381000", "0.1449000", "116470956", 1777593599999, "17298154.4810000", 392997, "57850271", "8590296.3393000", "0"], [1777593600000, "0.1449000", "0.1819000", "0.1293000", "0.1431000", "652249666", 1780271999999, "100705903.7589000", 1078557, "322105791", "49747887.9719000", "0"], [1780272000000, "0.1431000", "0.1476000", "0.0737000", "0.0844000", "1741124058", 1782863999999, "179940792.1761000", 1854992, "849165905", "87776454.4030000", "0"]], "exp": 1782702952.1060045}