{"data": 71.24000000000001, "exp": 1782723247.9251485}