{"data": 0.00114164, "exp": 1782723247.9251013}