{"data": {"basis_pct": -0.0745, "mark_price": 1.555, "index_price": 1.55615938, "spread": -0.0012}, "exp": 1782723322.044131}