{"data": {"basis_pct": -1.16802, "mark_price": 0.5911, "index_price": 0.59808576, "spread": -0.007}, "exp": 1782671948.0462599}