{"data": -0.00035745, "exp": 1783079277.9561746}