{"data": [[1781481600000, "0.4100000", "1.0970000", "0.3663000", "0.9047000", "4376532305", 1782086399999, "3449998327.4347000", 39818189, "2190941844", "1729320157.4981000", "0"], [1782086400000, "0.9048000", "0.9800000", "0.5233000", "0.5948000", "2814619442", 1782691199999, "1956990785.9154000", 31864367, "1381929805", "962086197.9872000", "0"], [1782691200000, "0.5948000", "0.8275000", "0.5487000", "0.6314000", "1325954132", 1783295999999, "909501615.3556000", 14581809, "652342993", "447895631.5232000", "0"]], "exp": 1783079550.0140598}