{"data": [[1781740800000, "0.4100000", "0.6191000", "0.3663000", "0.4316000", "528594500", 1781827199999, "263794924.0441000", 2505628, "259600584", "129746487.1911000", "0"], [1781827200000, "0.4318000", "0.9248000", "0.4129000", "0.8886000", "1966368536", 1781913599999, "1393907431.1981000", 13723834, "991700365", "704002903.1545000", "0"], [1781913600000, "0.8885000", "1.0970000", "0.7817000", "1.0025000", "1194206495", 1781999999999, "1135025661.3038000", 14271830, "599394982", "570026082.2158000", "0"], [1782000000000, "1.0024000", "1.0577000", "0.8280000", "0.9047000", "687362774", 1782086399999, "657270310.8887000", 9316897, "340245913", "325544684.9367000", "0"], [1782086400000, "0.9048000", "0.9800000", "0.7600000", "0.8718000", "586834793", 1782172799999, "502675629.8582000", 6955667, "291042232", "249566740.6630000", "0"], [1782172800000, "0.8719000", "0.8776000", "0.7856000", "0.8045000", "398349112", 1782259199999, "328603876.5465000", 5064247, "196436678", "162140641.6956000", "0"], [1782259200000, "0.8045000", "0.8130000", "0.6251000", "0.6610000", "345733080", 1782345599999, "241794108.4401000", 4318205, "164950171", "115509593.0442000", "0"], [1782345600000, "0.6609000", "0.6613000", "0.5424000", "0.5834000", "359988200", 1782431999999, "211212620.6353000", 3740735, "177990943", "104436978.3695000", "0"], [1782432000000, "0.5835000", "0.6414000", "0.5233000", "0.5554000", "371078887", 1782518399999, "211226415.3994000", 3909282, "183168480", "104412210.3422000", "0"], [1782518400000, "0.5554000", "0.6964000", "0.5336000", "0.6893000", "415127077", 1782604799999, "253384810.6460000", 4471963, "206869007", "126453585.7674000", "0"], [1782604800000, "0.6893000", "0.6967000", "0.5834000", "0.5911000", "291817132", 1782691199999, "180694239.5565000", 2930112, "138450805", "85756069.1494000", "0"]], "exp": 1782671920.624916}