{"data": [[1780272000000, "0.4100000", "1.0970000", "0.3663000", "0.5911000", "7145460586", 1782863999999, "5379590028.5167000", 71208400, "3549850160", "2677595976.5294000", "0"]], "exp": 1782672186.8968792}