{"data": [[1781481600000, "0.4100000", "1.0970000", "0.3663000", "0.9047000", "4376532305", 1782086399999, "3449998327.4347000", 39818189, "2190941844", "1729320157.4981000", "0"], [1782086400000, "0.9048000", "0.9800000", "0.5233000", "0.5909000", "2768930362", 1782691199999, "1929592930.9455000", 31390238, "1358909066", "948276262.3286000", "0"]], "exp": 1782672190.1880224}