{"data": [[1780272000000, "0.4100000", "1.0970000", "0.3663000", "0.6454000", "8018282489", 1782863999999, "5992921529.8414000", 80596443, "3980150534", "2980187317.6459000", "0"], [1782864000000, "0.6454000", "0.7538000", "0.5770000", "0.6314000", "498823390", 1785542399999, "323569198.8643000", 5667922, "245064108", "159114669.3626000", "0"]], "exp": 1783079549.9661982}