{"data": -0.00696025, "exp": 1782671920.625125}