{"data": -0.00230113, "exp": 1782702706.5450394}