{"data": {"basis_pct": -0.96485, "mark_price": 0.0698219, "index_price": 0.07050214, "spread": -0.0007}, "exp": 1782702738.8530114}