{"data": 30.740000000000002, "exp": 1782702706.5450826}