{"data": [[1780272000000, "235.59000", "262.77000", "187.46000", "193.43000", "288631.06", 1780876799999, "64570083.8002000", 1103351, "134594.58", "30096449.0251000", "0"], [1780876800000, "193.60000", "229.00000", "188.70000", "227.83000", "485144.58", 1781481599999, "99926959.5237000", 960058, "239035.74", "49230121.7780000", "0"], [1781481600000, "227.84000", "249.00000", "216.28000", "228.87000", "367639.45", 1782086399999, "85613326.6623000", 605089, "181324.20", "42294040.6233000", "0"], [1782086400000, "228.84000", "239.90000", "199.15000", "220.00000", "1077392.65", 1782691199999, "239207872.4919000", 1363722, "540621.10", "120075465.7769000", "0"], [1782691200000, "219.94000", "221.56000", "175.18000", "179.62000", "1423727.78", 1783295999999, "285250867.4759000", 1417945, "680863.26", "136563029.8278000", "0"]], "exp": 1783016632.2959332}