{"data": {"basis_pct": -0.00208, "mark_price": 179.71, "index_price": 179.71373555, "spread": -0.0037}, "exp": 1783016543.2818892}