{"data": [[1780272000000, "235.59000", "262.77000", "187.46000", "216.88000", "2721576.45", 1782863999999, "596085839.1646000", 4613212, "1339802.87", "293568520.2675000", "0"], [1782864000000, "216.82000", "218.38000", "175.18000", "179.60000", "921005.38", 1785542399999, "178491584.9934000", 837006, "436655.44", "84694076.0393000", "0"]], "exp": 1783016632.2558265}