{"data": -0.0009066, "exp": 1783016517.46451}