{"data": 50.739999999999995, "exp": 1782748628.6640186}