{"data": {"basis_pct": -0.02593, "mark_price": 0.04688, "index_price": 0.04689216, "spread": -0.0}, "exp": 1782748655.7237754}