{"data": -0.00129015, "exp": 1782770226.8044217}