{"data": [[1780272000000, "1569.60000", "1977.92000", "1181.60000", "1710.87000", "4452088.88", 1782863999999, "7499565012.2103000", 28715735, "2170703.61", "3654535319.5330000", "0"]], "exp": 1782770492.6355684}