{"data": [[1780272000000, "1569.60000", "1977.92000", "1181.60000", "1738.51000", "4830843.41", 1782863999999, "8150979644.0270000", 30276686, "2355418.23", "3972132414.3206000", "0"], [1782864000000, "1738.51000", "1762.64000", "1361.00000", "1383.90000", "1331666.02", 1785542399999, "2057658273.8398000", 5277858, "640564.30", "990204966.5714000", "0"]], "exp": 1783016690.1316786}