{"data": 84.78999999999999, "exp": 1783016575.3149712}