{"data": {"basis_pct": -0.28431, "mark_price": 1710.74160734, "index_price": 1715.61935399, "spread": -4.8777}, "exp": 1782770253.838444}