{"data": [[1780272000000, "1569.60000", "1666.96000", "1181.60000", "1248.30000", "212874.15", 1780876799999, "287536012.1712000", 2284029, "99325.81", "133869903.5913000", "0"], [1780876800000, "1247.95000", "1600.40000", "1224.07000", "1537.86000", "699560.05", 1781481599999, "967327270.2472000", 6141247, "347283.02", "480302541.4453000", "0"], [1781481600000, "1537.58000", "1944.50000", "1493.97000", "1844.09000", "677358.20", 1782086399999, "1182759991.1791000", 5200962, "328549.76", "573115301.9202000", "0"], [1782086400000, "1844.21000", "1977.92000", "1606.66000", "1750.31000", "2364914.31", 1782691199999, "4221104291.6413000", 12819525, "1151661.54", "2054958072.5712000", "0"], [1782691200000, "1750.36000", "1775.93000", "1361.00000", "1384.50000", "2207788.34", 1783295999999, "3549890453.5759000", 9108696, "1069159.17", "1720087091.9140000", "0"]], "exp": 1783016681.9096053}