{"data": [[1780272000000, "1569.60000", "1666.96000", "1181.60000", "1248.30000", "212874.15", 1780876799999, "287536012.1712000", 2284029, "99325.81", "133869903.5913000", "0"], [1780876800000, "1247.95000", "1600.40000", "1224.07000", "1537.86000", "699560.05", 1781481599999, "967327270.2472000", 6141247, "347283.02", "480302541.4453000", "0"], [1781481600000, "1537.58000", "1944.50000", "1493.97000", "1844.09000", "677358.20", 1782086399999, "1182759991.1791000", 5200962, "328549.76", "573115301.9202000", "0"], [1782086400000, "1844.21000", "1977.92000", "1606.66000", "1750.31000", "2364914.31", 1782691199999, "4221104291.6413000", 12819525, "1151661.54", "2054958072.5712000", "0"], [1782691200000, "1750.36000", "1752.64000", "1631.36000", "1710.86000", "497382.18", 1783295999999, "840837464.0801000", 2269973, "243883.48", "412289500.0050000", "0"]], "exp": 1782770492.6797001}