{"data": -0.00149748, "exp": 1783016575.314885}