{"data": {"basis_pct": 0.14002, "mark_price": 1390.35487215, "index_price": 1388.4108038, "spread": 1.9441}, "exp": 1783016601.8387878}