{"data": [[1780272000000, "0.4044000", "0.4420000", "0.1609400", "0.1771900", "1420372720", 1780876799999, "383966111.7805600", 10692959, "689789313", "186724418.8772400", "0"], [1780876800000, "0.1771900", "0.2664800", "0.1655100", "0.1974400", "1334232531", 1781481599999, "284217121.5701700", 8849475, "646152187", "137900158.9881800", "0"], [1781481600000, "0.1974400", "0.2348000", "0.1394200", "0.2071900", "904884608", 1782086399999, "169671019.1820700", 4994204, "434100880", "81474055.7853400", "0"], [1782086400000, "0.2071800", "0.6968600", "0.1877500", "0.5796000", "4486526210", 1782691199999, "1723422564.8403800", 37282358, "2273111068", "873808001.9261400", "0"], [1782691200000, "0.5796000", "0.6660000", "0.5073100", "0.5518700", "347731216", 1783295999999, "200618605.7332100", 4396170, "177161027", "102410097.2869200", "0"]], "exp": 1782770435.135065}