{"data": {"basis_pct": -0.36903, "mark_price": 0.55133261, "index_price": 0.55337471, "spread": -0.002}, "exp": 1782770196.3934429}