{"data": [[1780272000000, "0.4044000", "0.6968600", "0.1394200", "0.5518700", "8493747285", 1782863999999, "2761895423.1063900", 66215166, "4220314475", "1382316732.8638200", "0"]], "exp": 1782770435.0904264}