{"data": -0.00082071, "exp": 1782770171.3148808}