{"data": 0.00070603, "exp": 1783053391.0401516}