{"data": [[1775433600000, "726.90000", "879.58000", "689.59000", "851.88000", "46875.03", 1776038399999, "38432493.8538000", 355247, "23211.05", "19004058.7992000", "0"], [1776038400000, "851.87000", "995.40000", "839.76000", "909.46000", "96204.97", 1776643199999, "88018439.9540000", 439224, "47066.48", "43046433.1092000", "0"], [1776643200000, "909.52000", "1000.84000", "897.00000", "982.77000", "80232.06", 1777247999999, "75941961.2840000", 367949, "39895.73", "37770425.5902000", "0"], [1777248000000, "982.92000", "1211.41000", "982.27000", "1189.80000", "158306.11", 1777852799999, "170499215.6090000", 1503956, "79967.62", "86131711.2380000", "0"], [1777852800000, "1189.78000", "1580.00000", "1166.00000", "1574.36000", "354842.91", 1778457599999, "498170563.0298000", 2568430, "176660.32", "248317297.6579000", "0"], [1778457600000, "1574.36000", "1690.70000", "1303.32000", "1401.64000", "995351.43", 1779062399999, "1448878262.8103000", 4560414, "493922.33", "719060562.2840000", "0"], [1779062400000, "1401.97000", "1547.99000", "1279.47000", "1515.92000", "1103517.30", 1779667199999, "1552195241.4341000", 4272024, "557214.03", "784337828.9908000", "0"], [1779667200000, "1516.04000", "1745.00000", "1492.73000", "1728.59000", "943842.61", 1780271999999, "1529469726.3011000", 3360011, "484384.59", "785092126.7563000", "0"], [1780272000000, "1728.60000", "1861.91000", "1501.55000", "1574.58000", "1374011.23", 1780876799999, "2366159225.2535000", 4852544, "692347.40", "1193057889.1820000", "0"], [1780876800000, "1574.30000", "2079.49000", "1537.00000", "2055.70000", "2516055.09", 1781481599999, "4387965901.2921000", 11550589, "1273219.21", "2223813265.3809000", "0"], [1781481600000, "2055.85000", "2242.64000", "1941.40000", "2193.60000", "1432178.04", 1782086399999, "2980809080.4779000", 6495107, "722558.38", "1505055830.5954000", "0"], [1782086400000, "2193.93000", "2373.96000", "1865.11000", "2119.05000", "3078575.67", 1782691199999, "6570273439.1546000", 16216029, "1537890.92", "3286851593.9440000", "0"], [1782691200000, "2119.13000", "2279.00000", "1695.13000", "1811.99000", "3402702.81", 1783295999999, "6755315898.9647000", 12305014, "1653128.14", "3289530108.8540000", "0"]], "exp": 1783053443.886427}