{"data": {"basis_pct": 0.40956, "mark_price": 1809.77799083, "index_price": 1802.39610044, "spread": 7.3819}, "exp": 1783053416.3997056}