{"data": [[1775001600000, "726.90000", "1129.42000", "689.59000", "1031.06000", "323817.65", 1777593599999, "308588126.5306000", 1946009, "160762.22", "153257770.1192000", "0"], [1777593600000, "1031.10000", "1745.00000", "1025.00000", "1728.59000", "3455354.77", 1780271999999, "5093017777.7455000", 15481246, "1741559.93", "2569502674.3064000", "0"], [1780272000000, "1728.60000", "2373.96000", "1501.55000", "2250.01000", "9704613.99", 1782863999999, "19018397720.4788000", 44752718, "4880709.89", "9572905851.0668000", "0"], [1782864000000, "2250.01000", "2254.70000", "1695.13000", "1811.88000", "2098888.09", 1785542399999, "4042088211.7957000", 6666382, "998420.08", "1925377326.7376000", "0"]], "exp": 1783053437.5357115}