{"data": 63.949999999999996, "exp": 1782950542.946641}