{"data": {"basis_pct": -0.07579, "mark_price": 81.49083888, "index_price": 81.55264373, "spread": -0.0618}, "exp": 1783087293.6437485}