{"data": {"basis_pct": -0.04583, "mark_price": 77.15179915, "index_price": 77.18717695, "spread": -0.0354}, "exp": 1782952178.0171628}