{"data": 63.74999999999999, "exp": 1782952180.5799336}