{"data": {"basis_pct": -0.02265, "mark_price": 82.2418232, "index_price": 82.2604551, "spread": -0.0186}, "exp": 1782992528.2512145}