{"data": {"basis_pct": -0.01997, "mark_price": 77.35, "index_price": 77.36544666, "spread": -0.0154}, "exp": 1782950584.348809}