{"data": {"basis_pct": 1.33377, "mark_price": 188.76, "index_price": 186.2755111, "spread": 2.4845}, "exp": 1783053384.1169286}