{"data": [[1777593600000, "162.95000", "256.19000", "135.20000", "229.80000", "4745524.51", 1780271999999, "973198864.8041000", 6573124, "2327320.33", "476277930.5966000", "0"], [1780272000000, "229.80000", "302.23000", "157.72000", "269.08000", "76258390.47", 1782863999999, "17574727285.8663000", 46494540, "37937086.54", "8750763777.6688000", "0"], [1782864000000, "269.09000", "270.88000", "169.02000", "190.75000", "18318514.21", 1785542399999, "3916472304.3088000", 7740190, "8989977.43", "1919291614.3224000", "0"]], "exp": 1783053403.6897588}