{"data": 0.00127591, "exp": 1783079242.8741403}