{"data": 82.52000000000001, "exp": 1783053357.4919024}