{"data": 78.14999999999999, "exp": 1782542289.710544}