{"data": [[1777593600000, "162.95000", "256.19000", "135.20000", "229.80000", "4745524.51", 1780271999999, "973198864.8041000", 6573124, "2327320.33", "476277930.5966000", "0"], [1780272000000, "229.80000", "302.23000", "157.72000", "214.57000", "60953703.55", 1782863999999, "14007600206.8864000", 42010558, "30277941.86", "6964582335.6874000", "0"]], "exp": 1782542556.3443031}