{"data": {"basis_pct": -0.13343, "mark_price": 194.20791501, "index_price": 194.46738703, "spread": -0.2595}, "exp": 1783079269.3959355}