{"data": 0.00082877, "exp": 1783053357.4918485}