{"data": [[1778457600000, "162.95000", "175.75000", "160.33000", "162.48000", "52054.04", 1779062399999, "8694980.9414000", 117885, "25713.67", "4297006.0468000", "0"], [1779062400000, "162.48000", "209.85000", "135.20000", "198.63000", "1428560.00", 1779667199999, "241440447.0848000", 2439760, "725928.44", "122868396.5635000", "0"], [1779667200000, "198.67000", "256.19000", "197.80000", "229.80000", "3264910.47", 1780271999999, "723063436.7779000", 4015479, "1575678.22", "349112527.9863000", "0"], [1780272000000, "229.80000", "284.84000", "163.17000", "187.01000", "6751265.27", 1780876799999, "1554726587.1315000", 7341909, "3309931.24", "764865886.0445000", "0"], [1780876800000, "187.03000", "262.97000", "157.72000", "252.24000", "19409973.69", 1781481599999, "3903362892.7078000", 14313266, "9676236.89", "1948073925.1326000", "0"], [1781481600000, "252.26000", "289.87000", "225.80000", "273.84000", "8886515.38", 1782086399999, "2290733681.2601000", 6978459, "4448466.64", "1147550780.4770000", "0"], [1782086400000, "273.85000", "302.23000", "209.97000", "214.50000", "25905990.98", 1782691199999, "6258786006.4087000", 13376944, "12843307.39", "3104091808.4013000", "0"]], "exp": 1782542556.4163606}