{"data": {"basis_pct": 0.15076, "mark_price": 214.42202489, "index_price": 214.09924245, "spread": 0.3228}, "exp": 1782542317.5353992}