{"data": 0.00073396, "exp": 1782542289.7104666}