{"data": [[1779062400000, "206.00000", "224.47000", "190.00000", "207.94000", "1253764.26", 1779667199999, "258514116.6265000", 2241439, "581861.52", "119997255.3544000", "0"], [1779667200000, "207.94000", "209.31000", "190.07000", "203.43000", "1134817.41", 1780271999999, "227188687.9573000", 1494907, "517234.21", "103585895.6033000", "0"], [1780272000000, "203.43000", "205.00000", "161.00000", "170.62000", "3081226.67", 1780876799999, "554383395.2382000", 4136951, "1454896.77", "261086817.7876000", "0"], [1780876800000, "170.65000", "183.76000", "152.00000", "167.87000", "42581970.56", 1781481599999, "7105816523.0033000", 21065708, "21053425.83", "3514300003.8088000", "0"], [1781481600000, "167.87000", "228.00000", "167.01000", "176.02000", "79822091.38", 1782086399999, "15512105878.1851000", 35838080, "39404504.79", "7661491109.0399000", "0"], [1782086400000, "176.01000", "181.26000", "146.87000", "153.77000", "66869053.45", 1782691199999, "10520812867.6018000", 19765067, "33107629.32", "5208744921.7916000", "0"]], "exp": 1782585757.6748223}