{"data": {"basis_pct": 0.03954, "mark_price": 153.76904322, "index_price": 153.70826709, "spread": 0.0608}, "exp": 1782585515.9060671}