{"data": [[1777593600000, "206.00000", "224.47000", "190.00000", "203.43000", "2388581.67", 1780271999999, "485702804.5838000", 3736346, "1099095.73", "223583150.9577000", "0"], [1780272000000, "203.43000", "228.00000", "146.87000", "153.78000", "192354341.75", 1782863999999, "33693118616.3576000", 80805804, "95020456.50", "16645622820.1341000", "0"]], "exp": 1782585754.7922611}