{"data": {"basis_pct": -0.07386, "mark_price": 0.69342272, "index_price": 0.69393527, "spread": -0.0005}, "exp": 1782720774.6145144}