{"data": [[1782648000000, "0.688100", "0.691400", "0.682600", "0.686900", "16030737.3", 1782662399999, "11001060.5972400", 56492, "7029838.6", "4826126.2078200", "0"], [1782662400000, "0.687000", "0.687300", "0.679400", "0.681500", "4686691.5", 1782676799999, "3199389.9818900", 14589, "1599884.3", "1091873.0885200", "0"]], "exp": 1782665266.8527102}