{"data": {"basis_pct": 0.00429, "mark_price": 0.52398017, "index_price": 0.52395769, "spread": 0.0}, "exp": 1783053307.3324902}