{"data": {"basis_pct": -0.03081, "mark_price": 0.47672, "index_price": 0.47686692, "spread": -0.0001}, "exp": 1783088802.1538987}