{"data": {"basis_pct": -0.18661, "mark_price": 0.33527473, "index_price": 0.33590154, "spread": -0.0006}, "exp": 1782628706.7617173}