{"data": -0.00291153, "exp": 1782628678.958144}