{"data": 0.06773699999999999, "exp": 1782776519.4894946}