{"data": 23.630000000000003, "exp": 1782776519.5763562}