{"data": [[1751328000000, "0.0187500", "0.0263300", "0.0082300", "0.0096500", "50798294142", 1754006399999, "772706034.9617000", 6236354, "24241147625", "369087508.3039400", "0"], [1754006400000, "0.0096500", "0.0174400", "0.0083400", "0.0109700", "29407649594", 1756684799999, "360906813.4771400", 3234642, "14201357274", "174091515.3256700", "0"], [1756684800000, "0.0109600", "0.0122600", "0.0065600", "0.0069000", "7966799654", 1759276799999, "79337619.4310100", 1506611, "3759200941", "37386089.2776600", "0"], [1759276800000, "0.0069200", "0.0080100", "0.0010300", "0.0054390", "30593227632", 1761955199999, "168978433.2174540", 2313126, "14746972987", "81542939.3411710", "0"], [1761955200000, "0.0054350", "0.0169000", "0.0036260", "0.0045350", "119344993067", 1764547199999, "854679061.4426390", 9633088, "59383518528", "427422897.3288650", "0"], [1764547200000, "0.0045350", "0.0061540", "0.0038790", "0.0047420", "18025922899", 1767225599999, "80797415.8418860", 1742604, "8589810122", "38554908.2493630", "0"], [1767225600000, "0.0047420", "0.0061200", "0.0032010", "0.0042480", "8262840925", 1769903999999, "37328146.5030160", 1023452, "3944123936", "17841030.6588400", "0"], [1769904000000, "0.0042470", "0.0047820", "0.0038790", "0.0041300", "4480388192", 1772323199999, "18941833.4376290", 612519, "2155420876", "9120881.3045140", "0"], [1772323200000, "0.0041260", "0.0051730", "0.0035110", "0.0035930", "5060462190", 1775001599999, "20693419.6213590", 743312, "2540667447", "10427394.2004230", "0"], [1775001600000, "0.0035930", "0.0249240", "0.0033420", "0.0184140", "35924651436", 1777593599999, "420488264.1849550", 10837846, "18194366158", "214918373.1038780", "0"], [1777593600000, "0.0184130", "0.0292000", "0.0163010", "0.0171630", "18729418473", 1780271999999, "405939923.2865830", 15221054, "9473923875", "205340108.6842890", "0"], [1780272000000, "0.0171560", "0.0549500", "0.0151170", "0.0519840", "9838329225", 1782863999999, "289789022.3470080", 5573214, "4990884427", "147398384.9217310", "0"]], "exp": 1782731501.7216077}