{"data": {"basis_pct": 0.15745, "mark_price": 0.0519469, "index_price": 0.05186524, "spread": 0.0001}, "exp": 1782731264.607694}