{"data": [[1756684800000, "0.0007740", "0.0011384", "0.0006759", "0.0007164", "1257889099163", 1759276799999, "1099767588.9307474", 8238454, "612589910985", "536550613.2607243", "0"], [1759276800000, "0.0007165", "0.0010759", "0.0002302", "0.0006931", "557265994842", 1761955199999, "451215628.3953910", 4537398, "273293749991", "221467597.8513634", "0"], [1761955200000, "0.0006930", "0.0007160", "0.0003327", "0.0003958", "603812673400", 1764547199999, "270358427.1441183", 2944861, "297685273305", "133451951.0899552", "0"], [1764547200000, "0.0003956", "0.0004432", "0.0002722", "0.0002738", "290011903343", 1767225599999, "100509831.1313482", 1448066, "143201973701", "49678816.2029897", "0"], [1767225600000, "0.0002738", "0.0004188", "0.0001962", "0.0002188", "495492130540", 1769903999999, "161523150.2245893", 1755530, "242630946427", "79239160.5394799", "0"], [1769904000000, "0.0002188", "0.0002699", "0.0001553", "0.0002081", "928808577547", 1772323199999, "209469015.1566726", 2110105, "458473422344", "103441592.3230831", "0"], [1772323200000, "0.0002081", "0.0002415", "0.0001765", "0.0001845", "255103941920", 1775001599999, "53532077.4065835", 829692, "123348859646", "25904639.2111384", "0"], [1775001600000, "0.0001846", "0.0002033", "0.0001682", "0.0001818", "243111224987", 1777593599999, "44347610.3834942", 636002, "118650983309", "21635993.0599723", "0"], [1777593600000, "0.0001818", "0.0002061", "0.0001431", "0.0001493", "268741311273", 1780271999999, "47989969.7181613", 782228, "130024752598", "23244875.9033943", "0"], [1780272000000, "0.0001493", "0.0001537", "0.0001019", "0.0001177", "369542902427", 1782863999999, "46164626.1766699", 720921, "181939299472", "22733757.2198779", "0"]], "exp": 1782702973.133594}