{"data": {"basis_pct": -0.54027, "mark_price": 0.00011782, "index_price": 0.00011846, "spread": -0.0}, "exp": 1782702734.1685212}