{"data": -0.00063781, "exp": 1782702701.9349597}