{"data": 59.099999999999994, "exp": 1782727649.110273}