{"data": {"basis_pct": -0.13685, "mark_price": 1.662, "index_price": 1.6642775, "spread": -0.0023}, "exp": 1782727683.1201842}