{"data": -0.00024747, "exp": 1782727649.1101863}