{"data": {"basis_pct": 0.01484, "mark_price": 396.10581904, "index_price": 396.04704414, "spread": 0.0588}, "exp": 1783053353.5314765}