{"data": [[1767225600000, "445.60000", "449.00000", "415.00000", "428.93000", "953525.97", 1769903999999, "410256799.1814000", 917578, "469407.41", "201928958.9927000", "0"], [1769904000000, "428.92000", "436.47000", "386.89000", "402.18000", "2295111.01", 1772323199999, "944535416.1276000", 2507048, "1154717.73", "475198976.6873000", "0"], [1772323200000, "402.19000", "416.42000", "351.57000", "375.09000", "5080294.16", 1775001599999, "1958477807.2744000", 5616069, "2498834.60", "962409683.5491000", "0"], [1775001600000, "375.09000", "409.39000", "337.34000", "381.68000", "6041393.94", 1777593599999, "2235656295.4964000", 5465790, "2934294.65", "1087023533.9731000", "0"], [1777593600000, "381.69000", "453.56000", "380.04000", "439.04000", "2429982.05", 1780271999999, "1028232780.7805000", 4135995, "1211805.32", "512851211.0515000", "0"], [1780272000000, "439.05000", "439.31000", "367.41000", "416.07000", "3552244.34", 1782863999999, "1418465675.5247000", 4668505, "1746415.44", "697420890.9472000", "0"], [1782864000000, "416.10000", "437.91000", "389.64000", "396.26000", "571491.68", 1785542399999, "237772105.9542000", 610183, "283384.73", "117977220.7138000", "0"]], "exp": 1783053371.3691113}