{"data": {"basis_pct": 0.11984, "mark_price": 0.42677151, "index_price": 0.42626069, "spread": 0.0005}, "exp": 1783079254.0802824}