{"data": 0.00064913, "exp": 1782620361.4915724}