{"data": [[1751328000000, "0.0650000", "0.0966200", "0.0475400", "0.0494700", "9381891802", 1754006399999, "641092024.5270800", 8005994, "4484805285", "307217528.2512600", "0"], [1754006400000, "0.0494500", "0.1180000", "0.0431800", "0.0645600", "9649111666", 1756684799999, "739890303.2011000", 7332678, "4727163132", "363834207.9893900", "0"], [1756684800000, "0.0645600", "0.3249400", "0.0615600", "0.1674600", "5419130980", 1759276799999, "827585531.4301000", 11212755, "2614544551", "401227344.0684300", "0"], [1759276800000, "0.1674200", "0.2617700", "0.0910900", "0.2466700", "1117527635", 1761955199999, "223318366.0086100", 3589357, "532494641", "106944614.0496500", "0"], [1761955200000, "0.2466300", "0.2899300", "0.1670500", "0.1808300", "426197955", 1764547199999, "91517950.6415400", 2010769, "208690359", "44851905.2788800", "0"], [1764547200000, "0.1808000", "0.2120000", "0.1361300", "0.1439300", "318137194", 1767225599999, "55326165.6626100", 1348471, "154096102", "26789831.1955700", "0"], [1767225600000, "0.1438800", "0.1669400", "0.1034700", "0.1144300", "238913351", 1769903999999, "33038966.4181900", 1114123, "116916861", "16233955.2939800", "0"], [1769904000000, "0.1144000", "0.1255300", "0.0685100", "0.0851700", "828779413", 1772323199999, "74746195.9534300", 2041564, "407761443", "36838028.6466000", "0"], [1772323200000, "0.0851200", "0.1022100", "0.0570000", "0.0732000", "894408507", 1775001599999, "69142362.6015200", 1421551, "438337245", "33904530.0991200", "0"], [1775001600000, "0.0731100", "0.1376800", "0.0612100", "0.1156700", "1821409939", 1777593599999, "183969576.5934900", 3822447, "895726250", "90794986.1802400", "0"], [1777593600000, "0.1156100", "0.1330000", "0.0877500", "0.0978500", "1593973791", 1780271999999, "175330910.4779300", 3928657, "778705318", "85810315.5518600", "0"], [1780272000000, "0.0977900", "2.1701000", "0.0910000", "1.6399000", "13841720317", 1782863999999, "9038430517.5025700", 152839247, "6937078657", "4559862451.8366400", "0"], [1782864000000, "1.6399000", "1.6728000", "0.4122000", "0.4268000", "549872655", 1785542399999, "417831954.3832300", 9802026, "274023170", "209621365.5954600", "0"]], "exp": 1783079491.6665413}