{"data": {"basis_pct": 0.24571, "mark_price": 1.52979853, "index_price": 1.52604892, "spread": 0.0037}, "exp": 1782620396.138124}