{"data": {"basis_pct": -0.01042, "mark_price": 0.48161707, "index_price": 0.48166726, "spread": -0.0001}, "exp": 1783053399.1290765}