{"data": -0.00015594, "exp": 1783079227.600586}