{"data": -0.00012237, "exp": 1783053373.1534245}