{"data": {"basis_pct": -0.07158, "mark_price": 0.5358, "index_price": 0.53618378, "spread": -0.0004}, "exp": 1782723306.1549065}