{"data": {"basis_pct": -0.08433, "mark_price": 0.42703451, "index_price": 0.42739493, "spread": -0.0004}, "exp": 1782770285.8091917}