{"data": {"basis_pct": -0.05739, "mark_price": 0.3971, "index_price": 0.39732804, "spread": -0.0002}, "exp": 1782915310.0673285}