{"data": {"basis_pct": -0.03905, "mark_price": 1.1107, "index_price": 1.11113386, "spread": -0.0004}, "exp": 1783087049.4126225}