{"data": {"basis_pct": -0.06452, "mark_price": 1.0473, "index_price": 1.0479762, "spread": -0.0007}, "exp": 1782954301.3802087}