{"data": {"basis_pct": -0.05671, "mark_price": 1.03719669, "index_price": 1.03778518, "spread": -0.0006}, "exp": 1782820997.494235}