{"data": {"basis_pct": -0.06729, "mark_price": 1.04296578, "index_price": 1.04366804, "spread": -0.0007}, "exp": 1782671880.0516722}