{"data": -0.00010487, "exp": 1782671854.1513224}