{"data": {"basis_pct": -0.04916, "mark_price": 1.09129606, "index_price": 1.09183282, "spread": -0.0005}, "exp": 1783053241.0997949}