{"data": {"basis_pct": -0.0314, "mark_price": 383.20768044, "index_price": 383.32805782, "spread": -0.1204}, "exp": 1782715181.6620083}