{"data": 58.720000000000006, "exp": 1782620382.755703}