{"data": 0.00025784, "exp": 1782620382.7556484}