{
  "BTCUSDT_4h_tp1.5": {
    "sym": "BTCUSDT",
    "tf": "4h",
    "tp_rr": 1.5,
    "n_signals": 1641,
    "wins": 588,
    "losses": 860,
    "timeouts": 193,
    "total_gain": 882.0,
    "total_loss": 860.0,
    "wr": 40.607734806629836,
    "pf": 1.0255813953488373,
    "max_dd": 39.5,
    "equity": 22.0
  },
  "BTCUSDT_4h_tp2.0": {
    "sym": "BTCUSDT",
    "tf": "4h",
    "tp_rr": 2.0,
    "n_signals": 1641,
    "wins": 449,
    "losses": 918,
    "timeouts": 274,
    "total_gain": 898.0,
    "total_loss": 918.0,
    "wr": 32.84564740307242,
    "pf": 0.9782135076252724,
    "max_dd": 57.0,
    "equity": -20.0
  },
  "BTCUSDT_4h_tp3.0": {
    "sym": "BTCUSDT",
    "tf": "4h",
    "tp_rr": 3.0,
    "n_signals": 1641,
    "wins": 286,
    "losses": 975,
    "timeouts": 380,
    "total_gain": 858.0,
    "total_loss": 975.0,
    "wr": 22.68041237113402,
    "pf": 0.88,
    "max_dd": 164.0,
    "equity": -117.0
  },
  "ETHUSDT_4h_tp1.5": {
    "sym": "ETHUSDT",
    "tf": "4h",
    "tp_rr": 1.5,
    "n_signals": 1901,
    "wins": 712,
    "losses": 1046,
    "timeouts": 143,
    "total_gain": 1068.0,
    "total_loss": 1046.0,
    "wr": 40.50056882821388,
    "pf": 1.0210325047801148,
    "max_dd": 54.0,
    "equity": 22.0
  },
  "ETHUSDT_4h_tp2.0": {
    "sym": "ETHUSDT",
    "tf": "4h",
    "tp_rr": 2.0,
    "n_signals": 1901,
    "wins": 565,
    "losses": 1135,
    "timeouts": 201,
    "total_gain": 1130.0,
    "total_loss": 1135.0,
    "wr": 33.23529411764706,
    "pf": 0.9955947136563876,
    "max_dd": 68.0,
    "equity": -5.0
  },
  "ETHUSDT_4h_tp3.0": {
    "sym": "ETHUSDT",
    "tf": "4h",
    "tp_rr": 3.0,
    "n_signals": 1901,
    "wins": 349,
    "losses": 1212,
    "timeouts": 340,
    "total_gain": 1047.0,
    "total_loss": 1212.0,
    "wr": 22.35746316463805,
    "pf": 0.8638613861386139,
    "max_dd": 214.0,
    "equity": -165.0
  },
  "BTCUSDT_1h_tp1.5": {
    "sym": "BTCUSDT",
    "tf": "1h",
    "tp_rr": 1.5,
    "n_signals": 3899,
    "wins": 1276,
    "losses": 1927,
    "timeouts": 696,
    "total_gain": 1914.0,
    "total_loss": 1927.0,
    "wr": 39.83765220106151,
    "pf": 0.9932537623248573,
    "max_dd": 92.0,
    "equity": -13.0
  },
  "BTCUSDT_1h_tp2.0": {
    "sym": "BTCUSDT",
    "tf": "1h",
    "tp_rr": 2.0,
    "n_signals": 3899,
    "wins": 969,
    "losses": 2025,
    "timeouts": 905,
    "total_gain": 1938.0,
    "total_loss": 2025.0,
    "wr": 32.364729458917836,
    "pf": 0.957037037037037,
    "max_dd": 156.0,
    "equity": -87.0
  },
  "BTCUSDT_1h_tp3.0": {
    "sym": "BTCUSDT",
    "tf": "1h",
    "tp_rr": 3.0,
    "n_signals": 3899,
    "wins": 564,
    "losses": 2144,
    "timeouts": 1191,
    "total_gain": 1692.0,
    "total_loss": 2144.0,
    "wr": 20.82717872968981,
    "pf": 0.789179104477612,
    "max_dd": 452.0,
    "equity": -452.0
  },
  "ETHUSDT_1h_tp1.5": {
    "sym": "ETHUSDT",
    "tf": "1h",
    "tp_rr": 1.5,
    "n_signals": 5121,
    "wins": 1799,
    "losses": 2672,
    "timeouts": 650,
    "total_gain": 2698.5,
    "total_loss": 2672.0,
    "wr": 40.2370834265265,
    "pf": 1.0099176646706587,
    "max_dd": 91.0,
    "equity": 26.5
  },
  "ETHUSDT_1h_tp2.0": {
    "sym": "ETHUSDT",
    "tf": "1h",
    "tp_rr": 2.0,
    "n_signals": 5121,
    "wins": 1363,
    "losses": 2847,
    "timeouts": 911,
    "total_gain": 2726.0,
    "total_loss": 2847.0,
    "wr": 32.37529691211402,
    "pf": 0.9574991218826835,
    "max_dd": 183.0,
    "equity": -121.0
  },
  "ETHUSDT_1h_tp3.0": {
    "sym": "ETHUSDT",
    "tf": "1h",
    "tp_rr": 3.0,
    "n_signals": 5121,
    "wins": 814,
    "losses": 3027,
    "timeouts": 1280,
    "total_gain": 2442.0,
    "total_loss": 3027.0,
    "wr": 21.192397813069512,
    "pf": 0.8067393458870169,
    "max_dd": 620.0,
    "equity": -585.0
  }
}